0;300.94; 297.55;735.85; 595.71;772.75; 605.85;872.65; 659.89;878.93; 604.79;817.15; 573.18;618.31; 504.42;482.76; 443.26;437.49; 460.01;616.52; 656.13;681.90; 915.19;678.63; 944.26;457.30; 528.76;505.30; 628.00;438.73; 612.10;383.80; 662.84;438.69; 645.39;334.09; 439.74;296.52; 390.02;212.12; 304.08;232.28; 326.93;224.07; 306.64;215.01; 308.36;186.38; 321.50;172.31; 236.58;187.41; 281.18;242.75; 316.45;325.77; 348.77;191.81; 251.68;105.46; 176.60;123.90; 183.38;142.29; 178.65;189.54; 237.25;208.40; 244.17;165.36; 177.01;101.52; 128.25;134.53; 135.61;137.65; 148.54;89.61; 108.53;72.92; 87.88;140.26; 169.36;169.38; 223.29;111.59; 127.49;138.37; 175.00;162.11; 197.47;184.14; 270.04;139.73; 181.22;144.47; 150.90;135.65; 150.56;109.05; 140.23;76.56; 85.90;64.71; 72.48;72.95; 82.12;119.79; 133.04;176.42; 196.21;146.80; 180.20;99.73; 126.76;74.56; 96.91;70.19; 78.25;78.36; 83.24;92.15; 101.37;97.22; 99.95;80.45; 85.69;96.94; 136.93;89.49; 116.47;73.95; 87.68;72.19; 85.11;82.34; 74.42;76.66; 73.70;52.37; 52.29;55.65; 62.27;64.41; 68.21;64.86; 64.57;64.19; 58.27;69.44; 64.84;76.19; 81.62;74.81; 86.61;70.96; 77.12;72.28; 67.08;65.51; 64.29;68.87; 67.95;68.57; 67.85;57.98; 50.97;46.29; 44.32;38.75; 39.07;38.21; 37.71;39.14; 38.22;41.57; 39.47;39.04; 37.35;35.87; 34.73;37.35; 35.32;36.30; 32.68;35.97; 33.07;34.64; 35.66;38.75; 37.70;40.02; 34.80;37.35; 34.79;35.23; 39.55;40.24; 44.31;46.32; 48.82;45.05; 43.66;43.55; 39.50;36.93; 35.52;33.93; 32.43;32.94; 33.79;32.55; 33.16;35.16; 31.58;33.55; 31.08;38.11; 33.17;38.18; 34.16;30.38; 31.79;30.81; 30.26;31.51; 27.83;32.42; 28.09;27.71; 27.85;26.39; 27.43;28.49; 30.27;29.79; 32.88;29.24; 30.85;27.24; 25.87;28.09; 26.54;25.48; 25.76;23.48; 24.28;25.75; 27.23;26.28; 27.92;23.59; 24.16;24.01; 22.71;21.15; 20.41;20.44; 21.13;21.50; 23.86;25.65; 27.71;27.95; 28.77;28.65; 28.12;30.35; 27.75;25.77; 24.08;22.00; 21.64;24.83; 23.28;25.62; 24.77;24.90; 24.86;25.06; 24.05;23.51; 22.02;22.29; 21.65;23.17; 22.82;22.29; 23.90;20.20; 21.04;20.86; 20.73;20.91; 21.48;22.56; 24.68;23.92; 26.27;26.78; 29.14;25.45; 30.76;21.07; 25.92;21.29; 22.84;21.01; 22.95;19.52; 22.12;19.54; 21.85;18.83; 21.39;19.62; 22.60;21.65; 27.10;24.77; 33.06;25.74; 34.16;27.03; 35.42;26.36; 34.16;29.28; 40.12;28.25; 36.58;27.97; 32.28;25.31; 31.48;23.76; 29.35;25.70; 28.84;29.01; 27.94;24.86; 28.22;22.88; 27.60;22.41; 26.33;22.54; 26.27;20.40; 26.59;21.18; 27.42;22.11; 25.98;19.07; 20.87;18.73; 23.18;16.14; 19.29;13.84; 17.00;12.88; 14.89;13.37; 15.76;12.31; 14.74;11.42; 13.07;11.03; 12.92;10.90; 12.73;11.17; 14.26;11.31; 14.13;10.99; 12.53;9.87; 11.36;9.86; 11.53;10.71; 11.90;10.39; 11.50;9.63; 11.67;9.87; 12.03;9.68; 12.41;9.42; 11.67;11.05; 12.98;11.32; 14.25;12.65; 16.02;12.97; 17.39;12.60; 16.70;13.75; 19.64;14.06; 22.85;14.07; 24.81;12.32; 21.43;9.97; 16.21;9.12; 15.51;7.50; 11.93;6.00; 8.56;5.51; 6.97;4.78; 5.67;4.46; 5.08;4.09; 4.72;3.58; 4.02;3.66; 3.68;3.60; 3.65;3.15; 3.36;2.72; 3.02;2.60; 2.91;2.35; 2.69;2.16; 2.57;1.89; 2.26;1.82; 1.88;1.63; 1.69;1.41; 1.40;1.28; 1.26;1.14; 1.11;1.00; 0.91;0.96; 0.88;0.88; 0.82;0.84; 0.77;0.84; 0.74;0.82; 0.71;0.80; 0.71;0.78; 0.70;0.77; 0.69;0.76; 0.69;0.76; 0.69;0.75; 0.69;0.75; 0.69;0.75; 0.69;0.74; 0.69;0.74; 0.69;0.74; 0.69;0.74; 0.69;0.74; 0.69;0.74; 0.69;0.74; 0.69;0.74; 0.69;0.74; 0.69;0.74; 0.69;0.74; 0.69;0.74; 0.69;0.74; 0.69;0.74; 0.69;
0;57.11; 49.53;119.31; 98.25;168.16; 148.77;151.01; 181.94;156.91; 183.91;132.42; 153.57;128.46; 154.39;133.07; 128.76;114.91; 118.37;123.26; 134.28;168.82; 164.57;140.17; 124.95;110.54; 123.08;153.09; 201.98;131.57; 135.01;96.48; 103.09;88.26; 101.92;101.65; 110.92;97.55; 106.35;59.27; 68.79;95.61; 93.73;96.39; 100.21;82.97; 129.31;173.91; 299.26;93.42; 152.16;49.14; 72.35;101.39; 140.72;124.13; 158.68;119.69; 187.92;57.59; 82.50;85.05; 89.49;153.84; 169.93;72.82; 82.56;23.82; 27.45;106.89; 129.59;134.24; 169.78;58.93; 81.27;36.68; 68.58;34.83; 54.84;58.22; 95.35;46.46; 53.85;65.10; 72.43;44.47; 46.99;20.27; 21.98;15.70; 21.00;17.26; 21.04;44.69; 61.99;40.13; 61.19;18.86; 23.45;12.89; 21.06;11.12; 12.74;42.33; 52.54;67.76; 86.09;36.51; 45.74;29.58; 54.28;39.28; 66.37;21.01; 32.93;14.08; 16.48;19.61; 28.68;12.32; 17.40;9.55; 10.90;22.47; 22.48;31.22; 31.14;16.26; 20.11;9.19; 11.09;14.43; 22.42;11.28; 17.86;7.87; 10.46;16.02; 20.02;27.35; 32.93;19.62; 26.49;10.05; 12.20;16.64; 18.79;14.08; 21.56;8.38; 16.78;6.52; 8.25;7.48; 8.51;15.14; 23.51;21.85; 30.59;13.24; 21.82;8.05; 9.31;10.30; 12.45;15.19; 19.40;14.44; 16.70;7.19; 8.64;6.34; 7.93;12.99; 20.74;16.59; 24.28;9.07; 12.67;5.47; 7.55;7.37; 12.47;14.23; 23.10;21.36; 29.58;18.81; 25.35;9.43; 14.18;6.55; 7.62;7.75; 9.66;7.60; 9.17;5.22; 6.08;2.77; 2.72;3.34; 2.85;3.49; 3.49;5.42; 7.23;11.03; 12.27;12.14; 14.99;7.51; 10.53;3.88; 4.33;5.50; 6.53;6.69; 8.63;6.34; 7.42;6.36; 6.78;5.02; 4.83;3.83; 3.37;4.90; 4.57;3.60; 3.95;3.89; 3.86;4.64; 4.38;4.59; 4.22;3.90; 4.21;2.65; 2.61;2.64; 3.22;4.95; 6.26;5.51; 6.55;6.21; 7.82;6.62; 6.94;4.08; 4.74;3.20; 4.00;3.26; 3.72;2.85; 3.28;3.21; 3.87;3.58; 4.36;3.20; 3.98;2.60; 2.69;2.49; 2.21;3.33; 3.19;3.48; 3.29;3.86; 4.33;4.02; 4.44;5.95; 6.64;5.75; 7.00;4.05; 5.38;2.60; 4.55;2.28; 3.29;3.51; 5.31;4.61; 6.56;4.28; 4.31;3.84; 4.35;3.97; 4.45;3.79; 4.34;3.19; 3.63;3.23; 3.23;2.26; 2.22;2.39; 2.55;2.65; 2.37;3.45; 3.66;3.92; 5.91;4.64; 7.20;4.10; 4.98;2.11; 3.13;2.52; 3.15;2.48; 2.59;2.28; 2.18;2.46; 2.77;2.27; 2.83;2.60; 3.63;3.95; 4.03;3.92; 3.82;2.35; 2.69;2.01; 2.31;2.01; 2.38;2.48; 3.23;2.44; 2.30;2.17; 2.18;2.23; 2.58;2.06; 2.21;2.35; 2.37;1.81; 1.65;1.33; 1.31;1.78; 1.63;1.62; 1.50;1.61; 1.69;1.26; 1.09;1.61; 1.71;2.09; 2.23;1.88; 1.94;2.13; 2.52;2.61; 2.72;1.78; 1.63;1.12; 1.17;1.28; 1.41;1.33; 1.92;1.56; 1.85;1.85; 1.86;1.56; 1.34;1.56; 1.46;1.16; 1.13;1.71; 1.59;1.69; 1.78;1.05; 1.12;0.77; 0.76;1.26; 1.38;1.43; 1.59;1.00; 1.01;0.95; 1.05;0.92; 0.98;0.83; 0.81;0.87; 0.86;1.16; 1.17;1.16; 1.16;0.97; 0.98;0.71; 0.68;0.44; 0.39;0.39; 0.37;0.49; 0.43;0.50; 0.46;0.41; 0.33;0.41; 0.37;0.39; 0.33;0.39; 0.33;0.39; 0.36;0.34; 0.26;0.32; 0.27;0.30; 0.24;0.27; 0.21;0.27; 0.21;0.27; 0.23;0.26; 0.22;0.26; 0.20;0.26; 0.21;0.23; 0.19;0.23; 0.19;0.23; 0.19;0.22; 0.19;0.22; 0.19;0.22; 0.19;0.22; 0.19;0.22; 0.19;0.22; 0.19;0.22; 0.19;0.22; 0.19;0.21; 0.19;0.21; 0.19;0.21; 0.19;0.21; 0.19;0.21; 0.19;0.21; 0.19;0.21; 0.19;0.21; 0.19;0.21; 0.19;0.21; 0.19;0.21; 0.19;0.21; 0.19;0.21; 0.19;0.21; 0.19;0.21; 0.19;0.21; 0.19;0.21; 0.19;
0;642.59; 631.11;2722.56; 1114.22;3826.11; 1648.59;1744.26; 894.24;817.05; 493.25;1005.38; 764.93;1004.63; 597.72;830.06; 499.20;712.12; 571.03;757.53; 530.76;654.58; 545.38;652.72; 507.76;577.11; 556.56;529.89; 602.00;412.99; 373.35;398.64; 383.02;363.64; 396.07;609.03; 569.17;600.76; 578.73;439.16; 492.23;498.12; 554.02;288.83; 327.29;326.40; 388.22;348.65; 382.80;261.87; 281.90;241.17; 246.76;493.85; 491.83;363.70; 382.79;173.56; 185.73;217.56; 219.54;209.94; 198.01;190.77; 207.12;186.13; 249.04;216.60; 284.35;322.89; 387.50;511.88; 559.13;305.92; 322.74;167.37; 198.60;214.00; 269.51;395.57; 441.23;353.09; 399.88;287.81; 357.12;230.71; 282.73;239.47; 267.69;330.26; 370.81;224.71; 231.49;264.79; 244.72;303.05; 312.22;215.26; 254.74;244.44; 307.62;193.21; 231.88;152.02; 161.83;266.98; 234.66;309.54; 293.04;193.72; 207.72;183.10; 250.71;140.81; 158.27;157.64; 180.40;271.26; 285.52;360.30; 370.51;245.16; 265.58;180.42; 215.96;181.23; 189.58;180.35; 208.39;172.33; 157.80;205.07; 184.60;231.66; 238.85;186.84; 161.79;150.93; 192.52;199.47; 236.65;235.17; 198.87;196.89; 186.44;159.66; 158.67;157.15; 158.45;141.20; 132.20;125.41; 128.89;139.07; 148.95;182.02; 198.56;256.36; 266.17;274.63; 262.15;188.40; 204.82;123.41; 129.79;99.42; 101.57;98.96; 101.52;99.15; 92.62;113.43; 122.66;119.41; 136.48;139.22; 151.47;152.31; 163.14;125.45; 133.36;102.63; 105.47;100.38; 98.53;110.80; 103.41;118.32; 113.53;140.87; 146.02;137.33; 149.45;148.19; 164.49;157.38; 168.70;158.90; 168.56;135.20; 140.01;100.48; 99.84;98.64; 112.36;100.69; 105.69;91.60; 97.56;99.39; 101.37;121.54; 110.85;106.91; 97.54;86.23; 85.22;89.90; 90.73;87.98; 79.10;91.47; 83.59;79.35; 75.20;89.99; 87.33;98.21; 95.49;106.76; 119.58;84.80; 83.93;76.23; 68.00;78.55; 69.14;80.24; 71.74;78.68; 65.59;88.00; 98.41;94.62; 132.85;81.18; 74.48;78.58; 67.74;68.61; 66.40;72.02; 65.74;82.37; 79.93;74.03; 75.73;66.60; 60.03;62.32; 57.61;61.12; 58.53;76.94; 75.53;82.04; 79.12;76.31; 73.98;67.50; 65.49;64.57; 72.26;57.51; 59.76;58.13; 61.81;62.55; 69.94;64.22; 61.30;72.32; 65.98;67.29; 63.38;62.74; 65.10;60.81; 62.63;65.89; 71.61;67.49; 72.66;69.61; 68.24;70.48; 68.60;72.68; 69.32;89.79; 81.01;76.80; 69.76;68.45; 66.13;72.76; 74.09;76.72; 85.29;75.10; 74.92;66.57; 66.14;75.11; 72.98;81.45; 72.48;92.54; 81.58;82.22; 80.86;76.36; 82.43;71.58; 77.90;70.59; 75.54;77.42; 85.95;75.27; 77.41;75.16; 78.47;72.83; 72.35;81.53; 76.73;79.53; 78.00;71.48; 75.33;70.98; 73.36;64.82; 64.52;64.69; 66.23;65.21; 69.82;71.55; 72.87;78.78; 77.87;79.47; 75.81;75.98; 77.34;72.47; 71.25;73.65; 75.76;71.67; 71.54;69.85; 68.69;71.19; 69.13;74.72; 71.13;74.76; 65.61;68.73; 61.16;65.89; 59.21;67.85; 60.09;70.66; 63.20;62.14; 55.23;59.83; 54.36;64.42; 58.75;66.25; 60.84;64.78; 56.02;63.37; 56.35;62.86; 57.36;65.54; 61.15;65.53; 58.89;65.05; 57.60;67.15; 62.02;68.95; 68.90;67.58; 66.95;68.71; 62.03;71.10; 64.66;68.97; 64.78;66.51; 63.28;64.03; 60.70;64.14; 59.16;67.00; 62.26;69.33; 66.34;73.41; 65.36;77.03; 69.14;66.91; 59.83;66.66; 62.90;66.59; 66.09;65.89; 64.23;66.07; 62.36;64.66; 63.43;66.06; 67.40;64.91; 65.20;65.44; 64.58;60.71; 57.25;61.56; 57.07;59.89; 54.78;55.39; 49.20;55.41; 51.69;53.38; 51.20;53.10; 46.99;53.94; 46.80;51.47; 41.76;49.36; 41.76;44.55; 37.81;42.08; 35.97;41.54; 34.99;42.49; 35.21;39.25; 34.83;38.99; 35.11;37.27; 33.06;36.38; 31.39;33.70; 29.99;30.65; 27.32;31.38; 28.91;30.03; 26.92;30.46; 27.67;29.53; 27.08;30.48; 28.59;29.64; 28.01;27.72; 23.46;27.09; 22.98;25.76; 22.66;26.23; 24.91;24.62; 24.05;23.90; 22.82;22.73; 20.74;22.54; 20.12;23.28; 19.89;22.87; 27.91;
0;287.39; 351.31;986.95; 1175.83;1319.60; 1620.23;1080.18; 1249.87;1261.86; 1124.70;885.76; 895.10;585.66; 442.84;505.87; 366.22;455.18; 300.91;487.19; 312.89;284.73; 287.22;328.55; 339.78;289.87; 313.08;292.53; 290.05;344.91; 343.47;215.13; 297.95;185.18; 258.91;252.97; 309.99;208.19; 240.70;222.66; 268.27;284.11; 342.63;258.24; 404.08;216.54; 294.64;312.41; 377.36;220.27; 313.09;146.81; 192.22;176.44; 200.08;180.84; 227.75;182.75; 275.90;139.43; 218.91;124.74; 184.68;148.30; 231.67;124.00; 197.07;111.89; 181.40;154.04; 235.67;149.99; 212.39;119.38; 177.34;135.40; 217.34;144.23; 243.73;133.49; 195.37;138.16; 220.94;171.40; 256.07;141.93; 197.87;103.45; 148.76;94.38; 140.37;115.66; 235.00;121.45; 215.08;102.18; 139.97;92.35; 137.68;72.74; 113.41;66.67; 105.92;88.55; 139.92;116.65; 193.44;90.17; 152.49;63.37; 109.03;68.42; 109.12;75.92; 109.81;82.99; 116.06;79.89; 116.34;76.89; 124.60;77.60; 131.01;82.26; 127.20;81.94; 111.35;67.77; 100.30;55.14; 89.45;53.45; 83.14;61.65; 87.42;59.51; 88.43;51.83; 86.91;58.36; 93.70;59.90; 91.32;55.72; 82.02;58.70; 81.47;53.85; 75.56;44.06; 64.65;43.37; 68.97;42.80; 68.11;44.05; 69.36;45.40; 70.12;46.57; 74.27;44.25; 74.86;41.38; 66.15;38.72; 57.85;34.86; 48.94;36.49; 49.99;36.09; 50.03;54.01; 73.83;75.48; 112.85;48.37; 64.31;41.28; 57.45;39.59; 57.63;38.62; 52.26;37.09; 55.59;37.11; 54.35;36.21; 47.76;42.36; 61.43;45.64; 70.90;43.53; 68.41;51.23; 78.79;59.84; 97.09;47.37; 70.51;40.51; 55.67;50.61; 72.34;47.43; 69.16;34.17; 52.21;33.74; 50.90;40.73; 65.37;39.32; 65.03;39.26; 55.28;62.38; 86.94;64.63; 90.25;34.85; 47.08;30.82; 43.46;34.76; 48.04;40.07; 57.42;37.53; 53.35;32.97; 46.09;48.23; 77.57;53.35; 89.03;42.92; 60.33;41.69; 57.77;39.60; 56.16;38.09; 56.12;40.86; 60.52;41.64; 61.49;40.57; 57.60;48.91; 71.57;57.16; 77.32;76.48; 100.30;63.30; 82.96;49.44; 65.37;51.68; 70.52;48.87; 66.79;44.49; 60.92;45.43; 58.78;56.17; 77.84;44.87; 60.81;37.85; 48.16;45.09; 60.62;47.88; 61.09;38.32; 49.11;36.22; 47.92;38.38; 52.84;35.05; 47.78;29.81; 39.58;28.40; 39.81;29.77; 41.21;32.13; 44.86;36.11; 50.91;37.78; 49.46;54.70; 70.92;57.56; 79.62;35.73; 50.59;31.71; 45.41;28.03; 38.34;26.06; 33.35;32.62; 38.64;37.30; 45.10;35.46; 44.94;29.42; 39.52;29.82; 40.07;31.02; 39.75;29.56; 37.59;30.38; 36.82;29.67; 37.96;28.80; 40.37;25.46; 34.45;28.76; 38.99;30.50; 41.86;26.37; 35.25;24.26; 31.14;28.59; 36.31;28.80; 35.17;28.32; 35.03;31.91; 40.81;28.99; 37.05;21.83; 26.44;21.86; 28.12;23.26; 30.95;22.35; 29.67;23.97; 30.18;26.10; 33.03;24.32; 31.96;22.36; 29.88;22.38; 28.58;21.91; 27.60;23.74; 29.13;21.95; 26.77;19.53; 25.10;19.86; 25.05;18.29; 23.40;17.38; 23.75;18.85; 23.94;21.91; 28.98;21.95; 29.45;20.28; 25.70;22.90; 28.56;22.54; 27.17;21.58; 25.63;21.27; 25.07;20.47; 24.23;22.89; 26.70;31.73; 30.34;29.94; 29.01;21.07; 24.35;20.59; 25.17;21.21; 26.48;20.31; 25.19;22.90; 30.95;20.69; 24.61;20.70; 23.80;23.90; 28.39;25.80; 31.71;27.01; 35.17;20.46; 24.03;20.29; 24.08;20.86; 24.63;25.41; 31.32;30.84; 40.93;26.63; 31.99;21.14; 25.16;20.89; 25.04;18.04; 21.37;20.33; 24.51;23.82; 31.63;26.33; 39.13;20.15; 25.32;18.17; 21.55;16.81; 19.46;16.78; 19.56;17.26; 20.35;17.62; 19.72;16.83; 18.66;15.41; 17.57;16.77; 19.48;23.51; 28.66;23.31; 27.76;17.10; 19.35;15.24; 17.97;13.29; 15.00;13.39; 15.39;11.34; 12.96;9.97; 11.43;10.02; 11.09;11.32; 12.27;10.67; 12.09;10.26; 11.93;10.01; 11.43;9.46; 10.49;10.04; 11.42;9.71; 11.15;9.33; 10.06;10.29; 11.74;11.41; 13.69;9.78; 10.80;8.63; 9.77;8.14; 11.02;
0;766.36; 536.89;623.76; 688.87;542.53; 1099.55;486.16; 771.04;701.34; 967.69;510.86; 637.58;330.99; 384.36;368.67; 361.78;351.03; 374.70;342.08; 418.89;321.60; 348.91;330.99; 346.52;355.92; 399.80;306.82; 349.65;310.74; 386.41;409.95; 562.55;369.17; 515.30;229.77; 266.77;314.52; 411.98;301.19; 319.29;339.95; 345.43;243.28; 283.31;195.66; 222.14;262.03; 344.44;234.10; 272.68;169.87; 198.90;187.05; 221.25;268.62; 312.56;246.31; 300.14;181.59; 244.20;210.57; 243.84;232.09; 285.71;187.74; 247.66;172.61; 223.49;201.79; 240.44;221.75; 262.02;209.87; 247.33;195.50; 243.50;175.52; 197.84;183.63; 197.60;174.14; 183.78;193.28; 205.81;202.94; 247.93;206.40; 265.65;187.35; 228.75;183.69; 201.94;210.10; 233.54;160.35; 174.84;142.41; 161.74;146.60; 164.07;138.53; 149.00;137.42; 153.40;124.97; 143.09;131.12; 140.73;168.75; 177.23;154.50; 164.20;133.41; 147.35;131.88; 148.33;136.38; 160.21;129.66; 148.66;148.71; 172.57;161.34; 174.25;172.78; 188.57;142.15; 161.08;147.25; 174.37;128.39; 151.99;115.94; 134.44;111.09; 131.80;119.43; 136.69;159.41; 195.43;140.99; 172.13;105.22; 126.92;115.54; 133.56;133.96; 149.55;128.74; 151.50;108.54; 133.76;115.06; 132.28;132.16; 159.82;113.60; 138.07;107.87; 140.67;105.92; 125.65;118.95; 140.08;116.69; 136.11;107.50; 137.46;112.12; 135.59;125.79; 159.28;101.50; 136.29;94.34; 120.76;93.45; 122.87;92.49; 120.36;99.48; 128.66;101.83; 129.26;116.91; 159.51;113.60; 153.23;91.71; 107.93;91.74; 106.13;97.40; 118.85;91.44; 114.75;81.65; 103.36;84.78; 106.41;92.55; 115.34;82.38; 101.21;75.01; 95.22;75.78; 98.40;78.38; 96.04;75.20; 97.94;77.32; 98.02;83.33; 97.29;91.36; 101.73;84.86; 104.30;81.20; 99.65;75.69; 91.52;72.54; 90.59;72.66; 92.89;73.57; 92.76;82.01; 100.45;80.78; 101.81;71.72; 97.76;73.60; 98.72;69.69; 89.85;69.96; 88.37;74.79; 95.93;73.40; 92.31;74.82; 90.26;75.12; 93.34;68.25; 92.56;69.59; 89.61;74.83; 95.03;71.35; 91.83;73.24; 92.24;75.13; 94.68;72.44; 89.74;71.14; 89.01;71.71; 91.66;70.32; 89.94;72.03; 89.36;73.63; 88.11;70.80; 87.99;69.37; 88.68;68.15; 85.03;70.21; 88.22;66.89; 89.71;64.50; 84.78;65.86; 83.12;62.25; 83.34;62.49; 84.98;65.77; 85.30;66.29; 82.15;69.10; 82.06;71.43; 85.61;65.62; 81.58;66.75; 82.22;67.76; 85.98;59.99; 79.15;63.52; 79.28;69.82; 81.29;63.80; 74.69;60.16; 76.98;57.95; 78.26;58.36; 76.29;59.14; 72.34;57.45; 70.24;58.12; 72.69;54.78; 76.21;53.17; 75.66;52.03; 71.08;52.53; 74.92;51.68; 73.02;49.27; 71.37;50.97; 75.31;51.53; 69.77;55.00; 72.29;52.78; 73.43;50.93; 70.99;52.09; 69.47;54.97; 73.23;53.24; 72.51;52.14; 69.28;53.29; 68.88;58.12; 75.01;58.98; 73.69;54.51; 71.75;51.80; 68.94;48.21; 63.32;45.32; 63.84;42.37; 59.43;41.42; 58.50;42.96; 59.10;43.24; 59.02;42.45; 57.50;42.90; 56.90;39.81; 51.75;37.46; 50.25;36.42; 50.55;34.59; 47.80;34.54; 46.58;35.53; 47.83;32.87; 44.41;31.98; 43.29;33.36; 44.93;30.32; 40.93;26.47; 36.03;26.81; 34.71;26.10; 33.39;23.95; 30.62;22.61; 28.79;20.99; 27.99;19.93; 26.60;18.00; 24.11;16.77; 21.91;16.01; 21.29;14.70; 18.67;13.05; 17.23;11.95; 15.71;11.44; 14.58;10.68; 13.53;9.60; 12.14;8.65; 10.92;7.88; 9.68;7.26; 9.09;6.93; 8.72;5.88; 7.15;5.17; 6.17;4.34; 5.21;3.82; 4.55;3.45; 4.08;3.25; 3.81;2.86; 3.23;2.62; 2.94;2.27; 2.54;1.94; 2.06;1.72; 1.81;1.53; 1.60;1.31; 1.31;1.21; 1.14;1.12; 1.08;1.03; 0.95;0.98; 0.89;0.92; 0.84;0.87; 0.80;0.86; 0.80;0.81; 0.77;0.80; 0.77;0.78; 0.76;0.78; 0.76;0.77; 0.76;0.77; 0.76;0.77; 0.76;0.76; 0.76;0.76; 0.76;0.76; 0.76;0.76; 0.76;0.76; 0.76;0.76; 0.76;0.76; 0.75;0.76; 0.76;0.75; 0.76;
0;59.93; 61.96;394.10; 170.47;665.24; 333.25;549.09; 302.49;421.43; 221.14;243.04; 153.42;255.99; 199.51;222.82; 177.94;228.23; 199.61;116.95; 94.69;123.84; 137.87;173.61; 142.07;181.54; 154.01;93.86; 123.56;88.36; 120.88;137.81; 147.98;111.40; 109.28;127.80; 108.74;109.24; 103.12;71.29; 76.54;77.36; 81.95;63.01; 84.12;68.00; 75.98;111.88; 101.66;68.50; 64.17;31.03; 36.95;42.79; 50.59;38.05; 45.88;47.65; 49.65;88.40; 92.12;90.81; 92.14;120.30; 144.17;64.82; 70.17;42.52; 68.67;60.42; 66.47;79.30; 83.81;57.25; 88.23;50.01; 84.07;121.93; 127.20;158.74; 171.71;69.33; 86.72;64.71; 136.06;39.69; 75.65;30.76; 42.11;26.31; 32.18;24.56; 29.65;48.93; 66.29;41.26; 50.07;58.71; 116.84;64.15; 136.07;35.93; 60.59;82.66; 200.01;95.03; 176.95;55.37; 76.33;55.27; 83.26;39.03; 52.20;36.04; 54.78;42.75; 63.72;70.42; 105.26;55.54; 76.30;36.32; 46.79;49.98; 84.78;56.04; 100.74;39.48; 61.08;50.27; 74.99;40.60; 51.19;35.69; 47.72;39.45; 66.08;41.65; 71.43;55.31; 69.47;63.74; 68.48;43.00; 52.52;38.22; 57.36;32.52; 44.07;26.96; 35.05;23.55; 27.99;26.08; 30.31;28.40; 39.11;38.46; 53.60;41.29; 67.87;30.67; 51.39;27.55; 38.98;38.68; 67.31;32.87; 59.44;21.23; 30.03;22.59; 32.12;20.68; 29.08;26.03; 34.36;25.25; 33.49;26.02; 38.96;26.07; 41.31;29.64; 46.77;32.01; 48.69;32.34; 47.89;34.88; 52.20;26.97; 39.32;19.51; 25.27;27.65; 46.26;30.52; 53.44;21.80; 33.07;13.34; 20.43;12.61; 19.51;16.26; 23.85;17.78; 26.57;14.76; 20.86;14.33; 22.48;15.19; 26.60;14.80; 26.42;18.21; 31.25;23.42; 34.15;26.58; 36.77;18.78; 23.54;13.81; 17.47;13.47; 20.48;18.55; 30.56;20.99; 36.34;22.52; 34.36;19.25; 26.01;14.91; 21.65;13.72; 23.29;12.05; 21.24;14.59; 26.83;17.07; 29.81;14.78; 25.54;10.22; 17.23;8.17; 11.50;7.52; 10.72;8.20; 13.57;12.09; 20.69;16.24; 27.74;17.25; 29.46;11.59; 18.08;11.46; 17.72;13.95; 22.11;12.57; 19.61;10.88; 17.23;10.23; 17.52;9.39; 15.35;8.16; 12.49;8.22; 12.78;6.95; 10.10;7.52; 11.66;10.92; 21.68;11.02; 22.44;10.08; 19.07;8.90; 15.24;8.40; 13.26;8.54; 13.26;8.15; 12.95;8.85; 14.20;14.56; 26.94;17.11; 33.82;13.81; 25.82;8.45; 13.64;6.12; 10.44;8.34; 13.97;9.72; 14.98;8.70; 13.19;11.87; 19.50;12.35; 22.34;7.99; 14.32;5.31; 8.12;5.66; 8.48;8.08; 14.12;9.06; 16.13;7.87; 11.48;8.03; 11.14;7.17; 10.11;7.03; 11.39;8.92; 15.83;8.34; 14.09;8.13; 13.09;9.06; 15.88;10.21; 19.79;10.56; 21.82;8.91; 16.31;6.94; 11.73;5.90; 9.84;4.89; 7.75;4.34; 6.99;4.31; 6.57;5.18; 7.96;5.48; 8.23;5.72; 8.62;5.26; 8.93;6.09; 11.43;7.04; 12.44;5.68; 9.60;4.89; 8.92;5.41; 9.99;6.30; 10.47;6.59; 10.15;5.99; 9.00;5.09; 7.82;4.14; 6.73;5.40; 8.57;7.05; 12.97;4.61; 7.08;3.44; 4.68;3.41; 4.43;4.02; 4.70;4.24; 5.57;3.64; 4.91;3.27; 4.54;3.05; 4.23;2.96; 4.18;3.01; 4.11;2.96; 4.00;2.76; 3.93;2.53; 3.72;2.16; 3.28;1.70; 2.64;1.45; 2.12;1.23; 2.03;1.27; 1.99;1.27; 1.93;1.26; 1.83;1.12; 1.61;0.90; 1.32;0.86; 1.29;0.83; 1.21;0.66; 0.96;0.61; 0.88;0.61; 0.85;0.58; 0.84;0.57; 0.81;0.53; 0.78;0.46; 0.60;0.42; 0.48;0.38; 0.42;0.36; 0.36;0.34; 0.32;0.33; 0.30;0.32; 0.28;0.32; 0.28;0.31; 0.27;0.31; 0.27;0.31; 0.27;0.31; 0.27;0.30; 0.27;0.30; 0.27;0.30; 0.27;0.30; 0.27;0.30; 0.27;0.30; 0.27;0.30; 0.27;0.30; 0.27;0.30; 0.27;0.30; 0.27;0.30; 0.27;0.30; 0.27;0.30; 0.27;0.30; 0.27;0.30; 0.27;0.30; 0.27;0.30; 0.27;0.30; 0.27;
0;131.29; 97.64;342.70; 497.24;503.16; 570.41;446.28; 441.57;404.19; 388.37;359.47; 345.88;360.61; 358.37;374.17; 346.50;303.05; 308.67;270.94; 278.36;270.57; 258.85;212.07; 213.90;186.06; 208.16;202.22; 297.83;247.95; 413.39;253.75; 293.50;270.70; 323.48;240.94; 345.62;213.08; 240.45;228.16; 323.18;185.00; 254.39;193.96; 247.12;128.34; 164.61;114.33; 126.90;170.60; 229.25;200.74; 319.47;147.58; 176.27;166.91; 199.58;238.41; 442.23;177.56; 296.21;135.00; 184.82;156.07; 176.21;147.97; 157.27;151.98; 201.60;148.91; 225.92;131.75; 157.13;140.14; 191.09;172.28; 245.84;162.10; 189.18;162.54; 174.31;181.96; 249.33;207.86; 265.99;219.72; 234.31;165.22; 191.07;146.96; 154.84;132.76; 141.31;148.33; 154.09;173.88; 188.37;167.38; 162.67;169.42; 165.44;164.56; 186.03;146.61; 162.58;156.04; 160.37;160.20; 188.93;147.87; 165.86;159.91; 180.62;177.72; 175.86;152.24; 135.90;157.94; 145.90;143.86; 133.73;129.01; 119.63;137.96; 150.19;151.47; 149.48;143.02; 132.35;127.77; 122.88;118.62; 119.97;113.54; 114.48;106.24; 118.08;103.83; 98.62;96.34; 83.65;92.88; 79.51;90.78; 80.50;85.89; 77.64;86.54; 77.29;96.70; 89.85;96.53; 87.76;102.10; 94.65;99.56; 88.39;105.27; 95.87;103.16; 94.64;96.35; 88.86;87.99; 81.93;92.14; 87.80;99.04; 96.72;100.35; 101.27;87.11; 79.69;72.33; 66.61;68.40; 62.36;79.53; 69.57;81.01; 73.62;77.68; 71.30;86.22; 76.13;78.15; 73.80;76.39; 71.05;70.16; 68.05;70.54; 70.09;69.35; 83.37;76.20; 85.13;73.61; 64.83;75.47; 67.24;68.63; 63.50;68.66; 70.14;74.51; 66.95;68.70; 63.40;63.12; 56.80;62.80; 56.30;70.74; 69.93;61.25; 57.28;62.21; 62.27;60.14; 65.49;61.17; 57.92;58.82; 58.96;56.20; 54.47;52.87; 49.52;57.18; 52.87;56.96; 56.48;57.50; 58.69;55.02; 56.45;51.76; 47.53;49.79; 46.96;52.39; 51.11;56.61; 55.20;51.92; 47.50;46.59; 43.35;49.06; 49.06;49.63; 47.27;46.33; 46.03;47.78; 45.90;44.87; 48.47;45.49; 54.97;39.82; 42.78;37.01; 39.19;37.20; 39.59;43.82; 47.73;42.72; 47.24;46.88; 52.37;45.30; 49.93;43.82; 56.96;38.26; 46.31;36.56; 43.19;35.36; 45.56;32.60; 40.59;32.85; 40.19;29.82; 39.91;31.43; 45.84;36.31; 48.31;36.56; 55.25;37.28; 57.28;32.11; 46.09;29.46; 42.14;32.03; 44.92;33.99; 42.01;34.13; 41.31;32.18; 40.30;31.79; 43.51;30.52; 44.90;30.56; 43.85;31.76; 44.55;36.52; 47.62;34.50; 46.13;28.35; 46.16;27.34; 42.45;28.71; 43.08;26.99; 39.13;30.66; 42.60;32.53; 44.58;30.09; 40.33;27.63; 40.20;27.37; 40.04;24.75; 36.76;25.85; 35.79;25.90; 38.18;28.25; 41.58;30.76; 44.16;33.05; 49.83;30.04; 45.04;28.05; 41.32;27.49; 41.66;23.99; 36.56;23.57; 33.28;22.68; 31.15;23.76; 31.79;25.75; 35.95;27.90; 41.68;27.44; 39.41;26.83; 35.79;25.17; 36.41;23.61; 38.51;21.94; 36.49;19.64; 31.77;19.14; 30.26;19.48; 28.74;19.77; 29.92;20.14; 30.52;21.00; 33.31;19.85; 30.10;17.27; 30.48;14.98; 28.89;13.44; 23.50;13.87; 23.22;14.47; 24.09;12.57; 20.20;13.36; 21.39;12.42; 19.19;9.59; 16.40;9.69; 17.90;10.00; 17.29;9.72; 16.53;8.53; 14.72;9.14; 14.12;9.07; 12.91;7.01; 10.35;6.37; 10.95;5.21; 8.85;4.61; 7.40;4.19; 6.03;3.44; 4.77;3.32; 4.76;3.17; 4.65;2.85; 3.96;2.69; 3.43;2.42; 3.07;2.08; 2.85;1.91; 2.65;1.61; 2.15;1.35; 1.64;1.29; 1.58;1.17; 1.36;1.05; 1.22;0.98; 1.16;0.92; 1.00;0.88; 0.88;0.77; 0.77;0.73; 0.71;0.71; 0.73;0.66; 0.64;0.64; 0.59;0.61; 0.58;0.60; 0.57;0.58; 0.56;0.57; 0.55;0.57; 0.55;0.56; 0.54;0.56; 0.54;0.56; 0.54;0.56; 0.54;0.56; 0.54;0.55; 0.54;0.56; 0.54;0.55; 0.54;0.55; 0.54;0.55; 0.54;0.55; 0.54;0.55; 0.54;0.55; 0.54;0.55; 0.54;0.55; 0.54;
0;222.52; 244.61;640.83; 524.17;1090.03; 709.71;1472.15; 858.25;1292.30; 824.02;880.05; 659.22;626.07; 399.90;674.30; 416.47;611.45; 419.44;755.24; 570.68;526.02; 359.82;357.63; 237.16;310.67; 214.50;373.95; 262.58;497.61; 401.13;595.72; 489.36;521.13; 432.76;389.95; 377.37;607.45; 569.24;442.24; 396.04;338.12; 319.85;327.46; 353.17;292.35; 279.06;487.60; 429.19;367.69; 285.80;228.01; 219.75;260.89; 446.60;499.19; 491.79;453.66; 489.01;237.20; 233.37;261.14; 251.40;300.58; 302.38;210.83; 195.75;163.34; 148.43;282.63; 239.51;293.01; 267.31;372.45; 302.79;448.46; 384.74;376.03; 360.15;265.44; 230.95;219.94; 185.37;248.50; 193.42;203.42; 161.16;223.08; 197.41;200.76; 190.26;296.41; 244.26;432.72; 366.81;300.05; 287.01;247.88; 250.64;199.45; 167.24;225.09; 179.03;256.36; 216.77;289.90; 247.32;317.79; 302.95;353.11; 312.95;333.62; 286.93;219.00; 201.05;172.87; 136.63;174.30; 139.60;173.43; 130.60;239.61; 188.24;296.35; 239.50;252.38; 202.26;207.93; 201.28;182.49; 166.58;141.10; 124.72;117.82; 98.74;121.98; 96.28;159.21; 117.57;219.38; 154.07;158.68; 117.03;130.52; 105.39;134.93; 106.82;154.35; 124.62;141.74; 112.35;162.43; 122.66;183.77; 136.95;179.38; 143.22;157.37; 139.15;137.80; 128.86;142.14; 128.52;142.53; 134.42;152.37; 165.74;161.59; 189.30;153.34; 154.49;125.36; 113.51;118.47; 108.67;119.87; 118.92;107.27; 123.51;95.67; 95.42;90.78; 88.63;111.41; 97.04;139.51; 109.10;105.36; 89.95;76.71; 74.88;73.36; 64.23;90.84; 76.38;82.65; 73.62;78.99; 63.75;65.19; 50.97;57.55; 45.59;56.81; 47.56;56.50; 45.92;64.28; 53.13;65.18; 55.02;54.03; 48.38;58.35; 49.42;54.23; 42.92;53.50; 42.53;60.49; 45.34;68.88; 51.47;67.67; 46.41;76.91; 53.22;77.53; 56.40;76.65; 58.64;81.28; 61.42;78.96; 57.10;70.75; 50.85;60.52; 47.42;59.43; 47.50;67.45; 49.75;78.53; 56.24;77.19; 56.75;74.58; 53.19;58.60; 45.97;53.91; 44.74;55.30; 51.44;60.75; 52.41;66.55; 51.05;59.14; 47.44;74.90; 54.60;72.20; 57.50;62.17; 55.19;56.36; 50.12;55.89; 53.19;60.14; 52.42;72.53; 55.33;73.06; 58.87;72.71; 57.33;62.42; 51.93;67.05; 53.41;76.96; 64.43;67.60; 53.78;55.14; 49.02;59.15; 49.06;57.39; 46.06;54.61; 47.05;54.76; 48.11;61.27; 50.93;65.29; 52.39;55.54; 49.37;56.41; 48.56;62.75; 51.64;60.16; 50.70;74.29; 56.49;65.00; 51.62;65.33; 47.41;64.00; 50.23;57.32; 50.39;56.21; 52.10;65.70; 55.60;59.67; 48.58;82.17; 57.70;80.49; 60.00;59.62; 53.84;51.92; 48.62;52.88; 48.41;53.12; 47.96;58.49; 49.10;56.15; 46.89;48.33; 44.11;57.47; 45.69;54.97; 47.61;57.92; 53.61;58.93; 50.17;54.30; 43.12;53.25; 44.43;53.19; 45.03;48.34; 43.68;46.71; 41.61;38.33; 38.18;38.07; 38.82;45.09; 43.71;48.36; 44.23;52.15; 45.21;47.08; 42.94;45.02; 41.56;41.01; 38.73;40.43; 39.84;46.58; 42.46;43.22; 42.41;40.43; 42.55;38.23; 34.69;37.11; 33.03;33.88; 30.38;36.72; 31.49;26.48; 27.69;23.02; 27.07;24.76; 25.65;27.44; 25.67;25.15; 22.37;23.41; 20.54;23.51; 21.56;22.26; 19.78;17.89; 17.33;14.59; 18.21;13.79; 18.73;15.87; 17.15;14.17; 14.97;10.21; 12.51;10.90; 11.98;10.32; 11.90;8.62; 11.11;7.82; 11.18;7.23; 11.15;7.43; 10.79;5.89; 10.22;5.11; 10.10;4.16; 9.86;4.65; 9.98;4.77; 10.27;3.57; 9.82;3.36; 9.58;4.03; 9.70;3.43; 9.76;2.54; 9.48;2.06; 9.50;1.87; 9.45;1.83; 9.46;1.74; 9.52;1.60; 9.50;1.65; 9.52;1.63; 9.53;1.55; 9.54;1.50; 9.63;1.43; 9.63;1.40; 9.64;1.38; 9.70;1.36; 9.69;1.36; 9.71;1.36; 9.73;1.34; 9.73;1.33; 9.78;1.33; 9.80;1.33; 9.80;1.33; 9.84;1.33; 9.82;1.33; 9.83;1.33; 9.86;1.33; 9.84;1.32; 9.87;1.33; 9.88;1.33; 9.87;1.32; 9.90;1.32; 9.89;1.32; 9.88;1.32; 9.90;
0;300.94; 297.55;735.85; 595.71;772.75; 605.85;872.65; 659.89;878.93; 604.79;817.15; 573.18;618.31; 504.42;482.76; 443.26;437.49; 460.01;616.52; 656.13;681.90; 915.19;678.63; 944.26;457.30; 528.76;505.30; 628.00;438.73; 612.10;383.80; 662.84;438.69; 645.39;334.09; 439.74;296.52; 390.02;212.12; 304.08;232.28; 326.93;224.07; 306.64;215.01; 308.36;186.38; 321.50;172.31; 236.58;187.41; 281.18;242.75; 316.45;325.77; 348.77;191.81; 251.68;105.46; 176.60;123.90; 183.38;142.29; 178.65;189.54; 237.25;208.40; 244.17;165.36; 177.01;101.52; 128.25;134.53; 135.61;137.65; 148.54;89.61; 108.53;72.92; 87.88;140.26; 169.36;169.38; 223.29;111.59; 127.49;138.37; 175.00;162.11; 197.47;184.14; 270.04;139.73; 181.22;144.47; 150.90;135.65; 150.56;109.05; 140.23;76.56; 85.90;64.71; 72.48;72.95; 82.12;119.79; 133.04;176.42; 196.21;146.80; 180.20;99.73; 126.76;74.56; 96.91;70.19; 78.25;78.36; 83.24;92.15; 101.37;97.22; 99.95;80.45; 85.69;96.94; 136.93;89.49; 116.47;73.95; 87.68;72.19; 85.11;82.34; 74.42;76.66; 73.70;52.37; 52.29;55.65; 62.27;64.41; 68.21;64.86; 64.57;64.19; 58.27;69.44; 64.84;76.19; 81.62;74.81; 86.61;70.96; 77.12;72.28; 67.08;65.51; 64.29;68.87; 67.95;68.57; 67.85;57.98; 50.97;46.29; 44.32;38.75; 39.07;38.21; 37.71;39.14; 38.22;41.57; 39.47;39.04; 37.35;35.87; 34.73;37.35; 35.32;36.30; 32.68;35.97; 33.07;34.64; 35.66;38.75; 37.70;40.02; 34.80;37.35; 34.79;35.23; 39.55;40.24; 44.31;46.32; 48.82;45.05; 43.66;43.55; 39.50;36.93; 35.52;33.93; 32.43;32.94; 33.79;32.55; 33.16;35.16; 31.58;33.55; 31.08;38.11; 33.17;38.18; 34.16;30.38; 31.79;30.81; 30.26;31.51; 27.83;32.42; 28.09;27.71; 27.85;26.39; 27.43;28.49; 30.27;29.79; 32.88;29.24; 30.85;27.24; 25.87;28.09; 26.54;25.48; 25.76;23.48; 24.28;25.75; 27.23;26.28; 27.92;23.59; 24.16;24.01; 22.71;21.15; 20.41;20.44; 21.13;21.50; 23.86;25.65; 27.71;27.95; 28.77;28.65; 28.12;30.35; 27.75;25.77; 24.08;22.00; 21.64;24.83; 23.28;25.62; 24.77;24.90; 24.86;25.06; 24.05;23.51; 22.02;22.29; 21.65;23.17; 22.82;22.29; 23.90;20.20; 21.04;20.86; 20.73;20.91; 21.48;22.56; 24.68;23.92; 26.27;26.78; 29.14;25.45; 30.76;21.07; 25.92;21.29; 22.84;21.01; 22.95;19.52; 22.12;19.54; 21.85;18.83; 21.39;19.62; 22.60;21.65; 27.10;24.77; 33.06;25.74; 34.16;27.03; 35.42;26.36; 34.16;29.28; 40.12;28.25; 36.58;27.97; 32.28;25.31; 31.48;23.76; 29.35;25.70; 28.84;29.01; 27.94;24.86; 28.22;22.88; 27.60;22.41; 26.33;22.54; 26.27;20.40; 26.59;21.18; 27.42;22.11; 25.98;19.07; 20.87;18.73; 23.18;16.14; 19.29;13.84; 17.00;12.88; 14.89;13.37; 15.76;12.31; 14.74;11.42; 13.07;11.03; 12.92;10.90; 12.73;11.17; 14.26;11.31; 14.13;10.99; 12.53;9.87; 11.36;9.86; 11.53;10.71; 11.90;10.39; 11.50;9.63; 11.67;9.87; 12.03;9.68; 12.41;9.42; 11.67;11.05; 12.98;11.32; 14.25;12.65; 16.02;12.97; 17.39;12.60; 16.70;13.75; 19.64;14.06; 22.85;14.07; 24.81;12.32; 21.43;9.97; 16.21;9.12; 15.51;7.50; 11.93;6.00; 8.56;5.51; 6.97;4.78; 5.67;4.46; 5.08;4.09; 4.72;3.58; 4.02;3.66; 3.68;3.60; 3.65;3.15; 3.36;2.72; 3.02;2.60; 2.91;2.35; 2.69;2.16; 2.57;1.89; 2.26;1.82; 1.88;1.63; 1.69;1.41; 1.40;1.28; 1.26;1.14; 1.11;1.00; 0.91;0.96; 0.88;0.88; 0.82;0.84; 0.77;0.84; 0.74;0.82; 0.71;0.80; 0.71;0.78; 0.70;0.77; 0.69;0.76; 0.69;0.76; 0.69;0.75; 0.69;0.75; 0.69;0.75; 0.69;0.74; 0.69;0.74; 0.69;0.74; 0.69;0.74; 0.69;0.74; 0.69;0.74; 0.69;0.74; 0.69;0.74; 0.69;0.74; 0.69;0.74; 0.69;0.74; 0.69;0.74; 0.69;0.74; 0.69;0.74; 0.69;
0;318.46; 343.47;717.59; 584.36;1136.50; 725.65;1198.87; 760.02;889.62; 571.89;500.03; 327.37;369.52; 225.36;350.76; 225.34;259.15; 169.40;325.92; 231.30;258.53; 188.37;193.94; 178.86;236.21; 205.69;231.45; 197.95;218.55; 198.72;191.64; 133.49;192.30; 158.01;165.20; 160.87;234.37; 216.03;199.48; 188.36;153.90; 129.63;177.53; 136.62;127.64; 91.05;103.38; 74.95;139.69; 129.64;136.62; 155.59;133.95; 145.13;235.79; 209.77;214.24; 196.93;112.97; 101.62;117.62; 101.86;125.17; 116.62;117.71; 125.39;116.88; 135.07;105.99; 130.69;114.30; 121.01;135.76; 115.55;144.15; 128.48;140.77; 120.41;146.18; 117.95;139.09; 122.65;160.98; 153.31;156.63; 143.70;180.27; 130.68;192.76; 119.29;193.77; 120.53;164.59; 114.18;120.71; 81.61;147.90; 110.15;165.17; 125.44;179.58; 121.17;206.88; 133.67;211.62; 123.48;201.14; 112.76;204.12; 118.54;223.43; 142.72;198.19; 126.09;176.34; 114.64;150.97; 99.36;158.04; 98.63;179.02; 117.02;207.45; 136.24;191.85; 126.75;157.86; 99.34;174.80; 120.37;172.11; 116.57;156.65; 101.44;147.19; 98.82;143.38; 94.74;144.46; 99.96;134.12; 92.28;145.05; 100.94;162.05; 106.75;179.68; 115.88;168.86; 106.08;174.59; 119.72;183.58; 113.19;175.02; 104.35;161.58; 97.23;143.75; 89.22;131.30; 87.74;142.32; 88.19;179.13; 113.47;161.86; 96.48;140.37; 80.64;142.90; 82.26;148.93; 88.90;158.81; 94.85;170.21; 95.37;164.44; 94.07;145.59; 85.58;150.10; 87.26;162.11; 97.04;164.64; 92.80;171.75; 98.32;169.46; 95.89;168.54; 98.86;145.06; 83.53;123.37; 75.66;109.78; 66.36;115.66; 69.10;117.45; 70.17;125.39; 71.59;127.62; 75.82;112.08; 67.41;114.36; 67.55;119.31; 71.96;121.00; 69.79;128.42; 74.08;135.49; 79.43;133.48; 77.72;119.24; 68.34;115.58; 68.63;114.35; 65.42;110.48; 61.76;115.05; 65.00;112.12; 66.64;107.59; 62.51;105.80; 60.29;98.59; 56.69;84.19; 48.93;75.33; 48.22;73.15; 50.96;71.44; 44.57;71.55; 42.72;67.47; 43.15;61.65; 41.18;58.97; 41.21;64.40; 45.10;62.14; 46.89;59.89; 43.71;58.45; 42.03;56.45; 40.33;56.81; 41.30;56.42; 41.41;50.19; 36.58;51.30; 35.72;55.61; 37.70;55.19; 37.24;61.27; 40.74;59.82; 42.21;53.44; 42.84;51.46; 41.49;51.28; 41.42;54.37; 44.73;57.16; 45.82;57.18; 44.03;55.29; 43.53;56.67; 47.28;56.18; 46.51;54.84; 44.34;55.68; 42.14;51.93; 39.90;51.91; 40.44;49.91; 37.87;43.56; 37.75;44.45; 37.63;48.51; 36.46;49.28; 38.13;43.81; 36.69;46.40; 38.41;46.80; 39.61;50.32; 41.40;43.10; 37.84;39.03; 39.76;42.97; 41.40;47.18; 41.60;49.53; 40.86;45.23; 39.97;39.52; 36.61;43.04; 37.85;44.05; 37.85;44.23; 40.21;47.28; 38.60;42.57; 38.10;45.48; 37.99;43.95; 38.39;45.11; 44.17;48.19; 44.79;46.09; 39.11;43.37; 36.66;37.23; 40.34;38.77; 40.72;41.42; 42.22;46.20; 41.00;42.28; 38.60;43.04; 40.37;42.35; 38.15;48.43; 39.14;53.22; 44.28;47.99; 43.49;39.26; 41.23;36.04; 41.65;35.56; 40.04;40.81; 39.65;44.09; 39.60;44.82; 42.27;47.07; 44.92;54.09; 47.52;56.48; 49.12;56.37; 50.11;48.35; 44.59;40.75; 41.31;42.70; 43.34;42.25; 44.03;43.40; 48.33;46.96; 49.25;44.54; 47.58;46.90; 47.95;51.02; 50.88;46.88; 47.78;43.87; 46.43;41.28; 46.43;39.46; 39.67;39.14; 38.28;38.13; 42.97;38.48; 42.46;43.79; 43.46;46.94; 45.16;51.27; 46.53;49.04; 46.07;40.98; 44.74;38.57; 41.57;47.17; 48.08;43.88; 45.10;39.45; 41.46;35.48; 39.22;36.66; 38.29;43.06; 42.12;45.21; 46.58;43.21; 45.41;46.23; 50.15;40.26; 49.41;29.52; 53.39;28.54; 55.84;27.36; 54.49;27.09; 55.60;25.51; 52.68;26.92; 56.57;27.40; 58.16;22.90; 48.32;25.20; 50.33;28.35; 57.24;26.90; 55.25;25.31; 51.99;26.59; 56.58;26.82; 58.05;23.52; 47.06;22.68; 48.80;21.29; 47.56;24.32; 51.72;25.99; 55.67;22.53; 48.50;20.71; 47.08;20.45; 48.18;19.26; 45.88;14.54; 45.03;
0;225.92; 270.17;715.72; 656.74;844.21; 819.44;447.97; 435.39;342.33; 296.66;445.81; 381.86;478.12; 425.98;406.99; 345.83;331.57; 337.97;246.35; 261.84;232.63; 301.54;186.74; 268.83;206.89; 271.35;297.65; 435.71;260.96; 415.80;415.76; 699.76;408.37; 593.02;294.92; 461.42;193.75; 295.23;156.46; 258.91;140.09; 176.36;116.05; 167.20;126.25; 223.27;153.61; 247.80;107.69; 181.89;155.82; 242.40;157.83; 224.87;93.14; 137.95;81.49; 145.46;72.72; 131.44;104.86; 155.78;133.34; 205.20;120.57; 217.83;128.57; 230.92;204.80; 397.56;149.00; 264.66;78.85; 124.61;91.76; 141.11;145.57; 271.25;140.79; 269.28;98.07; 139.16;96.76; 139.51;100.00; 166.70;84.78; 138.81;68.04; 105.93;80.38; 110.07;100.01; 148.92;93.14; 140.77;72.23; 130.44;65.00; 131.87;72.56; 134.74;95.27; 124.97;82.82; 125.39;65.17; 108.05;67.78; 102.87;55.83; 81.71;50.18; 65.14;58.77; 78.15;63.45; 115.82;61.83; 115.43;68.75; 105.90;82.27; 119.41;75.13; 135.33;58.46; 84.28;48.15; 68.36;35.27; 49.15;29.86; 39.13;41.44; 49.34;66.60; 77.15;57.58; 65.22;38.58; 49.49;29.81; 39.14;25.48; 37.29;21.46; 30.81;23.75; 40.69;27.86; 46.92;35.95; 43.76;44.19; 54.16;35.20; 44.66;23.07; 27.66;24.95; 28.16;40.88; 56.86;37.78; 57.11;35.53; 50.55;42.68; 65.60;43.80; 70.35;39.06; 64.61;33.24; 67.23;27.50; 47.59;26.75; 45.27;28.40; 44.33;30.58; 40.67;34.61; 58.91;38.28; 63.93;31.01; 46.42;24.22; 35.24;22.52; 29.91;20.83; 31.35;22.48; 36.63;27.85; 61.18;25.22; 45.09;24.80; 33.12;34.89; 44.92;31.37; 39.19;20.88; 30.46;16.96; 24.19;17.94; 26.09;17.28; 25.07;15.68; 20.15;15.70; 19.07;15.80; 18.27;16.63; 20.14;15.87; 20.44;15.57; 17.69;16.74; 18.57;20.11; 23.18;22.38; 26.03;24.08; 27.48;24.83; 29.38;23.72; 26.60;22.59; 24.50;21.99; 24.22;21.46; 24.83;24.19; 31.79;28.00; 41.52;25.48; 36.66;23.08; 31.49;23.53; 33.20;24.13; 35.92;24.21; 36.22;24.88; 36.26;25.66; 38.07;25.89; 42.24;28.68; 47.03;31.11; 50.76;29.82; 41.66;29.35; 42.70;29.58; 40.86;31.35; 45.74;29.43; 41.20;29.74; 43.53;32.39; 53.47;28.02; 44.85;24.03; 35.15;26.88; 41.86;28.94; 47.85;27.08; 41.28;24.39; 33.43;24.14; 35.34;22.56; 29.16;21.32; 27.35;22.53; 29.35;24.95; 30.27;27.61; 33.57;31.68; 37.76;35.38; 41.26;39.40; 44.92;40.37; 47.78;37.52; 46.52;29.57; 35.15;26.51; 33.00;25.77; 32.79;25.20; 30.95;26.15; 32.25;26.76; 33.29;26.11; 32.11;25.10; 30.96;24.47; 29.82;24.42; 30.08;23.42; 28.69;22.00; 27.06;21.03; 25.64;20.78; 26.72;20.43; 27.16;21.80; 29.40;21.95; 31.36;21.14; 30.39;20.91; 28.68;21.32; 29.15;20.69; 28.70;19.35; 28.70;22.21; 33.59;22.75; 36.85;21.88; 37.70;21.26; 36.48;19.42; 32.58;18.84; 29.39;17.19; 27.96;16.04; 26.65;15.44; 24.44;15.59; 23.72;14.81; 23.22;13.46; 19.93;13.01; 19.36;13.32; 19.96;12.95; 18.84;13.14; 20.15;12.58; 19.87;12.04; 17.36;11.25; 16.12;11.00; 16.17;10.54; 14.88;12.77; 19.04;13.58; 21.63;10.22; 15.72;8.54; 12.91;7.44; 11.06;6.86; 9.81;6.12; 9.11;5.85; 9.10;5.82; 9.11;5.74; 9.19;5.16; 8.03;4.59; 6.96;4.35; 6.52;4.20; 6.49;4.07; 6.62;3.37; 5.14;2.77; 4.23;2.49; 3.58;2.26; 3.11;2.16; 3.07;2.17; 3.32;2.02; 3.06;1.65; 2.38;1.56; 2.09;1.71; 2.56;1.54; 2.16;1.23; 1.59;1.19; 1.48;1.05; 1.20;0.89; 0.95;0.80; 0.76;0.73; 0.69;0.69; 0.63;0.66; 0.61;0.61; 0.56;0.60; 0.56;0.58; 0.53;0.57; 0.54;0.56; 0.53;0.56; 0.53;0.56; 0.52;0.55; 0.52;0.55; 0.52;0.55; 0.52;0.55; 0.52;0.55; 0.52;0.55; 0.52;0.55; 0.52;0.55; 0.52;0.55; 0.52;0.55; 0.52;0.55; 0.52;0.55; 0.52;0.55; 0.52;0.55; 0.52;
0;49.89; 76.53;293.55; 273.09;524.85; 439.92;388.62; 348.94;239.97; 221.35;318.91; 243.97;402.21; 320.65;359.28; 330.90;380.72; 334.80;372.03; 335.07;223.92; 186.70;248.19; 296.19;222.25; 279.76;377.42; 485.33;389.71; 529.32;143.48; 184.12;143.12; 161.82;250.16; 300.68;160.53; 196.12;84.23; 80.63;140.26; 130.86;137.01; 154.32;127.12; 162.91;67.03; 62.61;55.32; 58.00;118.90; 128.51;166.10; 225.65;113.40; 120.73;75.19; 89.59;45.96; 47.46;61.70; 82.56;57.55; 81.53;46.47; 65.76;34.27; 42.82;65.48; 101.47;72.81; 105.61;47.72; 69.56;34.61; 47.31;37.27; 50.19;51.89; 77.93;29.01; 37.67;31.89; 38.49;27.51; 32.89;58.07; 70.26;44.11; 54.59;14.73; 20.75;15.98; 22.51;23.23; 31.52;31.69; 51.37;20.96; 33.02;12.37; 16.99;15.51; 20.75;33.53; 48.23;21.65; 32.77;16.40; 26.07;20.62; 34.13;12.94; 21.30;12.49; 20.63;25.03; 43.54;21.42; 38.47;13.15; 23.98;11.38; 19.10;7.60; 11.60;10.62; 19.20;16.12; 32.13;16.76; 27.76;12.96; 20.82;6.48; 12.04;5.40; 9.37;6.32; 9.77;9.29; 15.02;6.92; 11.50;7.06; 12.62;6.37; 10.93;6.75; 11.67;5.25; 9.09;4.69; 8.72;4.53; 7.39;4.37; 7.03;4.54; 7.04;4.28; 6.84;3.36; 5.37;3.38; 5.75;4.80; 7.99;4.46; 8.14;3.00; 4.70;2.96; 4.78;4.08; 7.33;5.99; 11.51;5.25; 8.61;3.65; 5.84;3.19; 6.13;3.56; 6.80;3.04; 4.37;3.30; 4.40;3.31; 4.45;3.48; 5.04;2.49; 3.78;3.17; 5.00;3.66; 5.60;3.56; 5.15;2.72; 3.73;2.33; 3.09;4.27; 6.51;3.65; 5.47;2.44; 3.39;2.82; 4.95;2.94; 5.67;1.90; 2.66;2.52; 3.79;4.12; 5.87;4.28; 6.05;2.69; 3.95;1.62; 2.32;1.50; 2.09;2.09; 2.71;4.27; 6.02;3.86; 5.53;3.36; 4.63;2.58; 3.34;1.95; 2.62;1.40; 1.76;2.34; 3.00;2.54; 3.31;2.61; 3.39;2.14; 3.05;2.03; 2.61;1.81; 2.27;1.60; 1.92;1.90; 2.43;2.27; 2.91;2.69; 3.53;2.50; 3.42;1.83; 2.37;2.00; 2.63;3.28; 5.09;2.62; 3.74;2.07; 2.68;1.87; 2.45;2.24; 2.92;2.95; 4.21;2.25; 3.01;1.69; 2.14;1.81; 2.29;1.84; 2.33;1.39; 1.72;1.36; 1.69;1.97; 2.74;2.51; 3.53;2.21; 2.95;2.30; 3.05;2.03; 2.61;1.50; 2.06;1.42; 1.91;2.25; 3.19;2.57; 3.68;3.21; 4.61;2.58; 3.59;1.70; 2.24;1.14; 1.64;1.77; 2.48;1.75; 2.18;1.78; 2.34;1.93; 2.55;2.22; 3.15;2.17; 3.13;1.85; 2.59;1.21; 1.52;1.05; 1.36;1.49; 1.98;2.20; 3.18;2.29; 3.17;2.45; 3.49;2.40; 3.47;2.08; 2.98;1.78; 2.60;1.93; 2.70;1.60; 2.19;1.47; 2.07;2.33; 3.39;2.29; 3.20;2.13; 2.90;3.16; 4.59;2.75; 3.99;2.31; 3.14;1.82; 2.46;1.70; 2.26;1.37; 1.81;2.12; 3.16;2.48; 3.82;3.23; 4.74;2.94; 4.37;1.44; 1.97;0.89; 1.10;1.40; 1.84;1.18; 1.47;1.68; 2.47;1.74; 2.53;2.02; 3.06;2.91; 4.45;1.95; 2.87;0.73; 0.93;0.81; 1.03;0.96; 1.20;1.20; 1.54;1.54; 2.12;1.98; 2.88;1.62; 2.34;1.90; 2.78;1.53; 2.11;1.12; 1.44;0.67; 0.76;0.75; 0.88;0.90; 1.11;0.85; 1.02;1.00; 1.26;0.87; 1.02;1.02; 1.35;0.90; 1.18;0.53; 0.54;0.68; 0.76;0.56; 0.59;0.47; 0.47;0.49; 0.50;0.47; 0.49;0.46; 0.50;0.50; 0.53;0.44; 0.43;0.40; 0.40;0.37; 0.38;0.38; 0.38;0.38; 0.38;0.36; 0.37;0.36; 0.37;0.35; 0.36;0.35; 0.36;0.35; 0.36;0.35; 0.36;0.35; 0.36;0.34; 0.36;0.34; 0.36;0.34; 0.36;0.34; 0.36;0.34; 0.36;0.34; 0.36;0.34; 0.36;0.34; 0.36;0.34; 0.36;0.34; 0.36;0.34; 0.36;0.34; 0.36;0.34; 0.36;0.34; 0.36;0.34; 0.36;0.34; 0.36;0.34; 0.36;0.34; 0.36;
0;300.94; 297.55;735.85; 595.71;772.75; 605.85;872.65; 659.89;878.93; 604.79;817.15; 573.18;618.31; 504.42;482.76; 443.26;437.49; 460.01;616.52; 656.13;681.90; 915.19;678.63; 944.26;457.30; 528.76;505.30; 628.00;438.73; 612.10;383.80; 662.84;438.69; 645.39;334.09; 439.74;296.52; 390.02;212.12; 304.08;232.28; 326.93;224.07; 306.64;215.01; 308.36;186.38; 321.50;172.31; 236.58;187.41; 281.18;242.75; 316.45;325.77; 348.77;191.81; 251.68;105.46; 176.60;123.90; 183.38;142.29; 178.65;189.54; 237.25;208.40; 244.17;165.36; 177.01;101.52; 128.25;134.53; 135.61;137.65; 148.54;89.61; 108.53;72.92; 87.88;140.26; 169.36;169.38; 223.29;111.59; 127.49;138.37; 175.00;162.11; 197.47;184.14; 270.04;139.73; 181.22;144.47; 150.90;135.65; 150.56;109.05; 140.23;76.56; 85.90;64.71; 72.48;72.95; 82.12;119.79; 133.04;176.42; 196.21;146.80; 180.20;99.73; 126.76;74.56; 96.91;70.19; 78.25;78.36; 83.24;92.15; 101.37;97.22; 99.95;80.45; 85.69;96.94; 136.93;89.49; 116.47;73.95; 87.68;72.19; 85.11;82.34; 74.42;76.66; 73.70;52.37; 52.29;55.65; 62.27;64.41; 68.21;64.86; 64.57;64.19; 58.27;69.44; 64.84;76.19; 81.62;74.81; 86.61;70.96; 77.12;72.28; 67.08;65.51; 64.29;68.87; 67.95;68.57; 67.85;57.98; 50.97;46.29; 44.32;38.75; 39.07;38.21; 37.71;39.14; 38.22;41.57; 39.47;39.04; 37.35;35.87; 34.73;37.35; 35.32;36.30; 32.68;35.97; 33.07;34.64; 35.66;38.75; 37.70;40.02; 34.80;37.35; 34.79;35.23; 39.55;40.24; 44.31;46.32; 48.82;45.05; 43.66;43.55; 39.50;36.93; 35.52;33.93; 32.43;32.94; 33.79;32.55; 33.16;35.16; 31.58;33.55; 31.08;38.11; 33.17;38.18; 34.16;30.38; 31.79;30.81; 30.26;31.51; 27.83;32.42; 28.09;27.71; 27.85;26.39; 27.43;28.49; 30.27;29.79; 32.88;29.24; 30.85;27.24; 25.87;28.09; 26.54;25.48; 25.76;23.48; 24.28;25.75; 27.23;26.28; 27.92;23.59; 24.16;24.01; 22.71;21.15; 20.41;20.44; 21.13;21.50; 23.86;25.65; 27.71;27.95; 28.77;28.65; 28.12;30.35; 27.75;25.77; 24.08;22.00; 21.64;24.83; 23.28;25.62; 24.77;24.90; 24.86;25.06; 24.05;23.51; 22.02;22.29; 21.65;23.17; 22.82;22.29; 23.90;20.20; 21.04;20.86; 20.73;20.91; 21.48;22.56; 24.68;23.92; 26.27;26.78; 29.14;25.45; 30.76;21.07; 25.92;21.29; 22.84;21.01; 22.95;19.52; 22.12;19.54; 21.85;18.83; 21.39;19.62; 22.60;21.65; 27.10;24.77; 33.06;25.74; 34.16;27.03; 35.42;26.36; 34.16;29.28; 40.12;28.25; 36.58;27.97; 32.28;25.31; 31.48;23.76; 29.35;25.70; 28.84;29.01; 27.94;24.86; 28.22;22.88; 27.60;22.41; 26.33;22.54; 26.27;20.40; 26.59;21.18; 27.42;22.11; 25.98;19.07; 20.87;18.73; 23.18;16.14; 19.29;13.84; 17.00;12.88; 14.89;13.37; 15.76;12.31; 14.74;11.42; 13.07;11.03; 12.92;10.90; 12.73;11.17; 14.26;11.31; 14.13;10.99; 12.53;9.87; 11.36;9.86; 11.53;10.71; 11.90;10.39; 11.50;9.63; 11.67;9.87; 12.03;9.68; 12.41;9.42; 11.67;11.05; 12.98;11.32; 14.25;12.65; 16.02;12.97; 17.39;12.60; 16.70;13.75; 19.64;14.06; 22.85;14.07; 24.81;12.32; 21.43;9.97; 16.21;9.12; 15.51;7.50; 11.93;6.00; 8.56;5.51; 6.97;4.78; 5.67;4.46; 5.08;4.09; 4.72;3.58; 4.02;3.66; 3.68;3.60; 3.65;3.15; 3.36;2.72; 3.02;2.60; 2.91;2.35; 2.69;2.16; 2.57;1.89; 2.26;1.82; 1.88;1.63; 1.69;1.41; 1.40;1.28; 1.26;1.14; 1.11;1.00; 0.91;0.96; 0.88;0.88; 0.82;0.84; 0.77;0.84; 0.74;0.82; 0.71;0.80; 0.71;0.78; 0.70;0.77; 0.69;0.76; 0.69;0.76; 0.69;0.75; 0.69;0.75; 0.69;0.75; 0.69;0.74; 0.69;0.74; 0.69;0.74; 0.69;0.74; 0.69;0.74; 0.69;0.74; 0.69;0.74; 0.69;0.74; 0.69;0.74; 0.69;0.74; 0.69;0.74; 0.69;0.74; 0.69;0.74; 0.69;0.74; 0.69;
0;47.15; 37.45;124.63; 127.34;210.74; 273.36;261.55; 451.98;346.48; 616.44;214.06; 293.29;217.58; 233.90;203.54; 207.94;218.99; 277.28;260.25; 349.91;290.12; 380.93;214.23; 309.11;187.53; 210.12;150.21; 176.18;143.36; 185.05;169.59; 236.04;155.07; 211.32;103.08; 132.86;148.84; 216.55;150.63; 219.31;115.88; 173.25;120.89; 163.71;109.50; 185.75;92.63; 148.80;95.37; 121.05;92.98; 117.39;67.05; 86.28;70.39; 80.31;96.47; 124.80;91.80; 142.39;81.18; 118.26;93.55; 140.02;63.40; 99.79;51.59; 78.55;53.59; 68.86;50.49; 65.83;64.10; 99.11;80.76; 121.82;73.65; 124.18;58.10; 90.79;45.90; 72.97;53.22; 82.37;58.99; 89.64;64.16; 106.25;51.99; 89.65;39.41; 65.26;53.79; 91.37;42.11; 65.50;37.52; 61.67;40.91; 70.43;34.01; 58.95;32.05; 54.49;31.05; 52.32;26.39; 45.45;38.86; 76.61;41.45; 78.15;30.07; 51.72;30.23; 56.52;29.50; 58.76;29.01; 66.24;31.29; 77.47;40.73; 82.51;37.78; 83.01;28.86; 65.50;28.77; 61.61;26.33; 62.32;21.44; 45.95;18.16; 31.39;20.51; 34.79;22.84; 39.69;20.54; 34.55;18.48; 33.66;22.99; 46.79;28.14; 50.95;22.96; 37.43;20.43; 35.57;27.16; 58.93;26.98; 60.24;16.53; 30.10;12.16; 20.61;11.06; 17.97;11.74; 18.39;14.91; 27.72;15.41; 26.61;14.93; 29.36;18.07; 35.11;21.44; 40.40;20.56; 43.57;17.96; 43.21;14.95; 39.61;12.44; 26.38;15.18; 32.08;19.36; 43.28;16.17; 32.65;14.80; 33.14;13.59; 30.74;13.02; 29.44;18.27; 41.87;25.39; 65.52;21.12; 54.63;13.02; 30.62;11.40; 27.88;10.44; 23.05;11.16; 23.24;10.14; 19.78;12.03; 30.15;14.47; 38.82;13.57; 33.29;12.48; 27.06;12.92; 28.65;12.25; 29.42;10.73; 21.25;11.76; 31.33;13.67; 39.07;9.67; 19.76;9.06; 18.33;9.66; 22.44;11.29; 28.67;12.23; 32.67;8.83; 22.23;7.29; 15.06;7.90; 16.37;10.60; 25.75;13.01; 33.51;11.11; 25.26;11.15; 27.36;10.99; 26.23;8.83; 19.82;9.13; 20.43;9.76; 22.45;10.33; 25.69;8.15; 19.47;6.14; 12.84;7.22; 16.07;11.08; 27.93;11.80; 30.72;11.16; 29.52;9.51; 28.22;11.55; 29.72;11.98; 34.61;7.49; 18.18;5.59; 12.66;6.44; 13.83;8.63; 21.16;9.37; 25.69;8.55; 23.04;8.61; 23.58;7.99; 19.29;6.95; 15.60;5.36; 10.99;6.07; 14.06;7.05; 17.10;7.99; 20.13;9.14; 25.72;9.02; 23.23;8.90; 23.44;8.94; 24.80;8.69; 23.85;7.14; 20.04;7.45; 22.42;6.46; 15.44;6.43; 16.13;7.29; 20.87;6.88; 17.48;6.63; 16.65;5.96; 14.78;6.07; 15.38;6.25; 16.06;5.89; 14.53;7.25; 19.21;6.92; 18.00;6.45; 15.74;7.60; 21.27;7.50; 20.14;5.84; 14.21;5.17; 12.54;5.67; 15.73;5.40; 14.03;5.08; 13.33;4.48; 10.57;5.46; 13.24;6.07; 15.49;5.63; 13.17;6.67; 15.74;7.07; 17.83;5.48; 12.67;4.47; 9.75;4.95; 11.85;5.24; 14.24;4.64; 12.12;4.87; 13.45;4.69; 12.14;4.91; 12.66;4.67; 10.86;4.52; 10.38;4.92; 11.54;5.37; 12.72;5.48; 13.32;5.13; 12.60;4.98; 13.33;5.19; 13.59;4.44; 10.47;4.26; 10.26;4.32; 9.93;5.08; 13.55;6.68; 19.94;6.75; 20.68;5.63; 16.01;6.16; 17.85;5.28; 13.83;4.00; 9.42;4.08; 9.84;4.24; 10.58;5.09; 13.49;4.38; 11.18;4.24; 10.46;4.24; 10.40;4.15; 9.55;4.45; 11.32;3.85; 9.03;3.18; 7.16;3.25; 7.68;3.37; 7.81;3.37; 7.96;3.21; 7.75;3.06; 6.95;3.49; 8.60;3.75; 9.56;3.40; 7.71;4.05; 11.18;5.13; 14.11;5.08; 13.95;4.39; 11.91;4.16; 11.32;3.93; 10.05;3.55; 8.62;3.55; 8.84;3.60; 8.79;3.38; 7.98;3.12; 7.30;2.99; 6.72;3.08; 7.25;3.27; 7.86;4.11; 10.97;3.95; 10.70;3.81; 9.88;4.91; 13.49;4.13; 10.52;3.55; 8.86;3.16; 8.40;3.47; 8.86;3.74; 9.39;3.88; 9.77;3.29; 7.59;3.16; 7.10;3.30; 7.87;2.97; 7.88;
0;300.94; 297.55;735.85; 595.71;772.75; 605.85;872.65; 659.89;878.93; 604.79;817.15; 573.18;618.31; 504.42;482.76; 443.26;437.49; 460.01;616.52; 656.13;681.90; 915.19;678.63; 944.26;457.30; 528.76;505.30; 628.00;438.73; 612.10;383.80; 662.84;438.69; 645.39;334.09; 439.74;296.52; 390.02;212.12; 304.08;232.28; 326.93;224.07; 306.64;215.01; 308.36;186.38; 321.50;172.31; 236.58;187.41; 281.18;242.75; 316.45;325.77; 348.77;191.81; 251.68;105.46; 176.60;123.90; 183.38;142.29; 178.65;189.54; 237.25;208.40; 244.17;165.36; 177.01;101.52; 128.25;134.53; 135.61;137.65; 148.54;89.61; 108.53;72.92; 87.88;140.26; 169.36;169.38; 223.29;111.59; 127.49;138.37; 175.00;162.11; 197.47;184.14; 270.04;139.73; 181.22;144.47; 150.90;135.65; 150.56;109.05; 140.23;76.56; 85.90;64.71; 72.48;72.95; 82.12;119.79; 133.04;176.42; 196.21;146.80; 180.20;99.73; 126.76;74.56; 96.91;70.19; 78.25;78.36; 83.24;92.15; 101.37;97.22; 99.95;80.45; 85.69;96.94; 136.93;89.49; 116.47;73.95; 87.68;72.19; 85.11;82.34; 74.42;76.66; 73.70;52.37; 52.29;55.65; 62.27;64.41; 68.21;64.86; 64.57;64.19; 58.27;69.44; 64.84;76.19; 81.62;74.81; 86.61;70.96; 77.12;72.28; 67.08;65.51; 64.29;68.87; 67.95;68.57; 67.85;57.98; 50.97;46.29; 44.32;38.75; 39.07;38.21; 37.71;39.14; 38.22;41.57; 39.47;39.04; 37.35;35.87; 34.73;37.35; 35.32;36.30; 32.68;35.97; 33.07;34.64; 35.66;38.75; 37.70;40.02; 34.80;37.35; 34.79;35.23; 39.55;40.24; 44.31;46.32; 48.82;45.05; 43.66;43.55; 39.50;36.93; 35.52;33.93; 32.43;32.94; 33.79;32.55; 33.16;35.16; 31.58;33.55; 31.08;38.11; 33.17;38.18; 34.16;30.38; 31.79;30.81; 30.26;31.51; 27.83;32.42; 28.09;27.71; 27.85;26.39; 27.43;28.49; 30.27;29.79; 32.88;29.24; 30.85;27.24; 25.87;28.09; 26.54;25.48; 25.76;23.48; 24.28;25.75; 27.23;26.28; 27.92;23.59; 24.16;24.01; 22.71;21.15; 20.41;20.44; 21.13;21.50; 23.86;25.65; 27.71;27.95; 28.77;28.65; 28.12;30.35; 27.75;25.77; 24.08;22.00; 21.64;24.83; 23.28;25.62; 24.77;24.90; 24.86;25.06; 24.05;23.51; 22.02;22.29; 21.65;23.17; 22.82;22.29; 23.90;20.20; 21.04;20.86; 20.73;20.91; 21.48;22.56; 24.68;23.92; 26.27;26.78; 29.14;25.45; 30.76;21.07; 25.92;21.29; 22.84;21.01; 22.95;19.52; 22.12;19.54; 21.85;18.83; 21.39;19.62; 22.60;21.65; 27.10;24.77; 33.06;25.74; 34.16;27.03; 35.42;26.36; 34.16;29.28; 40.12;28.25; 36.58;27.97; 32.28;25.31; 31.48;23.76; 29.35;25.70; 28.84;29.01; 27.94;24.86; 28.22;22.88; 27.60;22.41; 26.33;22.54; 26.27;20.40; 26.59;21.18; 27.42;22.11; 25.98;19.07; 20.87;18.73; 23.18;16.14; 19.29;13.84; 17.00;12.88; 14.89;13.37; 15.76;12.31; 14.74;11.42; 13.07;11.03; 12.92;10.90; 12.73;11.17; 14.26;11.31; 14.13;10.99; 12.53;9.87; 11.36;9.86; 11.53;10.71; 11.90;10.39; 11.50;9.63; 11.67;9.87; 12.03;9.68; 12.41;9.42; 11.67;11.05; 12.98;11.32; 14.25;12.65; 16.02;12.97; 17.39;12.60; 16.70;13.75; 19.64;14.06; 22.85;14.07; 24.81;12.32; 21.43;9.97; 16.21;9.12; 15.51;7.50; 11.93;6.00; 8.56;5.51; 6.97;4.78; 5.67;4.46; 5.08;4.09; 4.72;3.58; 4.02;3.66; 3.68;3.60; 3.65;3.15; 3.36;2.72; 3.02;2.60; 2.91;2.35; 2.69;2.16; 2.57;1.89; 2.26;1.82; 1.88;1.63; 1.69;1.41; 1.40;1.28; 1.26;1.14; 1.11;1.00; 0.91;0.96; 0.88;0.88; 0.82;0.84; 0.77;0.84; 0.74;0.82; 0.71;0.80; 0.71;0.78; 0.70;0.77; 0.69;0.76; 0.69;0.76; 0.69;0.75; 0.69;0.75; 0.69;0.75; 0.69;0.74; 0.69;0.74; 0.69;0.74; 0.69;0.74; 0.69;0.74; 0.69;0.74; 0.69;0.74; 0.69;0.74; 0.69;0.74; 0.69;0.74; 0.69;0.74; 0.69;0.74; 0.69;0.74; 0.69;0.74; 0.69;
0;137.73; 110.50;753.96; 734.95;1821.52; 1555.75;1290.76; 976.80;758.26; 498.74;976.22; 682.00;1029.09; 679.09;1044.52; 697.34;646.85; 425.85;1005.72; 721.35;730.40; 530.09;531.36; 362.05;524.05; 365.80;932.27; 629.21;1157.09; 826.16;605.69; 624.18;404.17; 446.62;451.79; 325.32;806.27; 614.40;527.94; 390.92;313.84; 308.80;304.74; 287.45;304.14; 283.33;471.20; 434.77;285.02; 337.88;209.59; 227.53;255.54; 205.73;736.32; 601.00;606.46; 488.77;238.41; 219.15;324.72; 422.55;375.46; 455.43;238.12; 226.16;200.26; 236.30;300.07; 264.17;289.43; 238.85;513.07; 394.85;439.16; 365.93;181.79; 178.89;158.82; 168.20;299.49; 294.90;487.81; 499.88;234.70; 206.58;78.85; 73.33;78.18; 66.94;256.52; 216.17;347.03; 298.35;161.13; 155.61;157.96; 169.86;152.33; 194.06;113.85; 95.46;131.66; 115.94;128.36; 119.88;155.57; 139.09;333.04; 235.53;407.45; 312.09;233.40; 192.17;217.99; 197.07;221.65; 180.65;233.34; 181.05;265.30; 210.23;326.80; 305.05;299.08; 231.26;279.31; 207.85;311.21; 231.62;248.95; 203.84;200.84; 175.78;220.87; 177.06;297.29; 226.45;253.10; 179.30;143.05; 132.76;130.18; 122.94;172.71; 132.27;209.09; 167.38;147.88; 108.29;140.06; 110.37;125.65; 111.71;98.96; 88.95;69.90; 58.03;66.37; 56.14;77.82; 75.64;100.63; 88.92;131.13; 119.31;84.55; 72.70;52.91; 59.27;48.44; 60.10;37.03; 38.20;29.35; 33.42;31.46; 32.46;39.05; 42.01;57.11; 52.98;112.14; 114.37;102.49; 104.44;49.46; 51.10;56.79; 87.06;98.75; 148.69;101.08; 127.98;65.68; 84.56;44.19; 60.82;30.44; 37.76;29.19; 28.99;28.06; 28.03;41.40; 62.04;33.48; 43.91;19.00; 17.09;17.83; 16.33;22.02; 24.94;28.95; 41.57;30.47; 30.04;59.80; 61.46;57.55; 64.31;20.52; 20.62;14.29; 12.04;14.53; 12.57;16.84; 15.61;18.71; 22.15;17.51; 19.38;14.86; 16.99;16.23; 17.08;15.43; 14.90;13.87; 14.89;18.33; 20.86;32.54; 39.46;42.21; 48.10;24.18; 26.64;16.26; 20.32;26.64; 47.92;40.02; 59.09;36.50; 60.22;19.46; 27.69;14.68; 17.67;13.03; 19.11;13.12; 16.71;15.34; 23.30;16.72; 22.86;16.13; 23.05;19.77; 19.43;25.59; 25.06;20.93; 24.57;16.04; 20.62;14.29; 19.17;13.63; 22.83;14.54; 19.34;17.56; 22.26;19.27; 25.33;21.26; 26.00;24.80; 33.34;18.76; 22.46;14.51; 16.32;16.10; 17.68;18.48; 20.02;17.10; 18.50;14.43; 17.95;14.67; 16.93;13.57; 15.98;12.54; 13.41;11.70; 14.14;12.96; 17.29;14.19; 21.09;14.37; 22.28;15.24; 25.40;14.33; 25.75;14.82; 18.95;19.59; 20.81;23.18; 23.37;17.47; 17.76;10.92; 12.94;10.23; 13.08;11.57; 16.12;11.25; 12.90;11.76; 12.53;13.21; 14.83;12.05; 17.03;10.85; 13.90;10.44; 13.42;9.95; 13.06;10.14; 14.64;11.18; 15.58;12.44; 16.34;10.47; 17.37;9.77; 15.55;10.86; 13.74;13.81; 17.15;16.04; 19.21;13.57; 17.85;10.09; 15.74;8.34; 11.33;7.58; 9.70;7.60; 10.59;7.88; 9.41;8.99; 8.97;10.55; 9.87;10.82; 12.13;9.50; 11.12;9.58; 10.98;9.24; 11.08;8.86; 11.53;8.74; 11.90;10.15; 13.91;10.48; 12.74;10.56; 10.95;11.29; 13.09;10.50; 11.63;10.32; 11.12;11.66; 11.57;12.50; 12.25;11.29; 10.52;9.08; 9.30;7.60; 8.07;7.43; 9.98;7.90; 12.79;7.61; 10.93;7.47; 8.37;7.83; 9.41;8.27; 11.64;7.77; 11.14;7.94; 10.43;8.60; 10.74;10.10; 11.91;11.03; 13.05;8.35; 10.26;5.76; 7.39;5.33; 7.93;5.27; 7.71;5.09; 6.80;5.02; 6.44;5.07; 6.29;4.63; 4.95;4.74; 5.12;5.30; 6.30;5.22; 6.44;4.63; 5.48;5.09; 5.92;4.62; 5.14;4.34; 5.46;4.40; 6.30;4.07; 5.41;3.87; 4.53;3.73; 4.28;3.24; 3.39;2.99; 3.46;2.90; 3.40;2.82; 2.98;2.87; 3.21;3.36; 4.00;3.76; 4.51;3.67; 4.29;3.17; 3.64;2.59; 3.19;2.37; 3.32;2.28; 2.90;2.43; 2.99;2.73; 3.26;2.72; 3.13;2.56; 2.95;2.62; 3.18;2.42; 3.76;
0;82.53; 76.38;333.01; 373.58;598.23; 716.89;625.43; 629.55;573.94; 750.49;468.16; 580.55;332.37; 322.72;305.62; 288.32;302.50; 340.02;383.12; 442.07;313.07; 369.46;295.75; 313.64;243.43; 237.55;261.38; 229.97;320.46; 309.91;235.92; 222.43;269.13; 271.70;237.66; 256.66;255.71; 256.28;225.17; 241.93;147.66; 163.26;180.90; 189.84;210.46; 220.82;194.19; 279.07;195.78; 236.88;165.82; 190.10;161.81; 191.70;304.01; 347.71;301.71; 320.27;145.54; 185.57;125.44; 137.70;168.94; 192.44;191.39; 207.87;216.58; 262.69;134.19; 145.87;112.27; 104.89;141.11; 138.86;209.52; 222.07;151.50; 156.91;105.95; 106.18;105.53; 94.20;157.24; 143.69;148.54; 136.97;143.99; 156.39;143.63; 156.09;116.82; 120.49;147.89; 142.43;124.21; 114.31;112.85; 101.55;175.21; 170.20;143.96; 142.23;85.73; 82.09;105.42; 95.62;113.69; 105.85;158.23; 150.00;207.78; 196.09;186.58; 182.65;99.77; 102.01;87.03; 88.18;104.86; 111.26;94.89; 94.65;95.92; 96.49;123.24; 113.77;119.74; 111.17;107.97; 92.31;127.26; 114.08;123.48; 136.03;99.19; 97.00;81.32; 74.22;84.66; 74.80;78.85; 70.70;67.34; 60.37;71.23; 64.99;101.39; 103.58;110.91; 125.60;91.66; 89.82;79.62; 70.25;82.54; 83.15;88.51; 83.84;70.69; 61.94;70.30; 67.38;87.34; 89.66;104.86; 114.14;100.83; 107.86;88.50; 84.61;79.02; 78.21;72.17; 72.87;77.37; 78.80;76.29; 76.79;64.38; 62.37;60.28; 58.23;77.79; 82.68;97.70; 114.39;88.25; 97.98;71.98; 69.82;75.23; 70.96;65.30; 60.13;71.47; 66.25;82.04; 85.35;81.71; 90.63;64.02; 61.40;64.65; 59.16;56.87; 53.03;47.08; 53.62;46.99; 52.43;52.48; 50.54;50.77; 49.15;57.80; 56.06;67.09; 68.70;69.96; 71.55;72.14; 85.87;72.76; 85.00;64.36; 73.07;52.00; 53.44;53.22; 53.74;58.00; 64.71;56.78; 59.92;50.01; 46.76;48.15; 44.48;50.95; 46.51;50.78; 46.11;45.45; 45.09;45.08; 46.39;48.73; 53.64;47.94; 58.22;42.81; 46.66;46.22; 46.16;46.44; 47.82;52.02; 60.77;60.53; 71.27;63.63; 65.29;54.24; 56.49;50.79; 54.10;55.93; 53.03;53.16; 46.86;48.43; 42.05;53.04; 45.04;55.30; 47.94;57.59; 49.92;69.58; 58.11;71.52; 60.00;60.84; 52.18;61.05; 52.51;59.73; 51.17;56.09; 50.26;58.17; 56.35;60.41; 53.48;62.78; 58.31;65.65; 62.47;58.22; 56.37;46.41; 43.45;46.83; 43.32;47.88; 43.61;42.26; 42.23;41.07; 43.43;39.62; 41.71;33.84; 34.57;31.13; 32.27;32.57; 33.94;32.74; 32.33;32.49; 32.87;33.30; 33.34;33.50; 34.32;34.26; 36.86;39.36; 43.38;44.77; 54.07;44.02; 48.27;44.82; 48.41;42.85; 45.47;36.71; 38.58;39.81; 41.45;38.32; 40.08;34.65; 36.96;34.29; 36.54;36.07; 35.86;38.44; 36.39;40.46; 36.82;43.64; 38.42;47.87; 41.70;58.96; 52.07;68.62; 62.26;72.32; 66.01;80.55; 72.21;85.66; 78.67;82.26; 74.64;71.15; 64.13;56.53; 49.92;41.47; 36.86;36.08; 34.38;35.66; 36.42;32.56; 34.28;29.27; 28.70;28.14; 28.91;27.18; 27.50;27.19; 28.35;26.31; 26.79;23.33; 23.35;24.94; 26.33;26.56; 29.69;21.91; 23.55;19.30; 19.85;19.51; 19.99;18.98; 20.06;17.91; 20.05;17.73; 20.81;15.33; 17.15;14.18; 14.68;14.68; 16.19;12.52; 13.86;10.77; 11.84;10.26; 11.71;10.19; 11.67;9.21; 10.28;7.88; 8.06;7.54; 7.66;7.09; 7.31;6.26; 6.48;5.61; 5.63;5.23; 5.15;4.98; 5.23;4.92; 5.38;4.51; 4.96;3.92; 3.97;3.53; 3.72;2.93; 3.03;2.41; 2.42;2.15; 2.27;1.98; 2.08;1.84; 1.85;1.65; 1.63;1.45; 1.47;1.30; 1.22;1.15; 1.03;0.98; 0.88;0.89; 0.82;0.77; 0.66;0.72; 0.64;0.68; 0.59;0.67; 0.60;0.67; 0.61;0.65; 0.58;0.63; 0.58;0.61; 0.57;0.61; 0.58;0.60; 0.57;0.60; 0.57;0.60; 0.57;0.59; 0.57;0.59; 0.57;0.59; 0.57;0.59; 0.57;0.59; 0.57;0.59; 0.57;0.59; 0.57;0.59; 0.57;0.59; 0.57;0.59; 0.57;
0;803.09; 866.92;2117.02; 1823.50;2006.49; 1729.43;1157.70; 1038.97;859.45; 720.95;598.66; 546.30;461.46; 362.94;429.47; 302.73;361.79; 271.35;390.92; 293.89;396.76; 320.88;323.14; 333.57;291.72; 359.31;245.65; 320.97;210.82; 256.79;209.09; 282.47;261.00; 352.54;290.28; 363.70;285.66; 417.32;253.46; 394.49;223.30; 345.44;237.13; 308.23;189.70; 287.27;199.83; 274.12;254.28; 269.88;219.42; 235.55;168.76; 236.85;250.03; 314.55;251.87; 263.82;169.91; 194.09;176.36; 188.41;187.37; 183.11;148.82; 174.43;151.46; 187.07;168.66; 198.87;151.06; 175.47;159.07; 186.64;172.23; 201.71;169.64; 164.73;152.97; 155.96;151.88; 158.06;170.27; 161.42;147.67; 145.25;141.86; 157.89;131.56; 133.81;138.40; 131.52;147.09; 133.36;154.76; 135.11;168.92; 137.84;198.13; 170.55;188.23; 157.87;199.60; 171.52;232.08; 203.71;201.53; 167.41;194.77; 152.54;222.53; 171.56;192.79; 152.21;160.91; 130.74;168.28; 131.03;172.76; 133.88;185.45; 148.08;197.23; 151.75;199.40; 161.39;196.11; 156.84;196.71; 160.67;176.61; 146.02;164.56; 139.31;139.34; 127.02;133.57; 129.47;130.38; 122.90;121.71; 113.75;118.24; 106.95;129.49; 109.11;143.93; 115.75;141.19; 111.88;138.80; 109.29;132.13; 103.89;122.99; 98.05;122.72; 97.83;130.31; 104.55;131.10; 106.92;123.87; 112.08;122.03; 108.33;121.91; 109.15;115.33; 108.54;107.35; 103.53;103.31; 99.06;99.44; 93.72;108.53; 111.48;118.20; 112.20;146.94; 127.58;130.04; 109.66;118.34; 103.82;125.85; 108.86;98.42; 96.01;96.48; 92.39;93.24; 89.89;84.78; 81.36;80.37; 82.96;84.16; 87.75;98.72; 91.76;89.47; 88.48;95.40; 84.74;97.91; 85.26;75.69; 77.57;79.68; 80.55;85.83; 90.48;87.67; 88.55;85.25; 86.60;85.93; 101.44;81.87; 93.79;74.58; 75.77;81.92; 78.58;92.34; 82.80;106.99; 91.19;101.01; 84.13;101.87; 88.96;94.54; 82.19;82.08; 75.53;86.83; 78.80;86.82; 82.41;73.11; 74.52;72.74; 70.93;79.97; 77.85;92.51; 90.25;80.93; 81.22;80.26; 78.15;93.73; 91.91;101.91; 99.90;72.71; 71.84;59.06; 60.47;60.36; 60.48;64.27; 68.62;60.60; 61.56;54.51; 60.28;54.30; 59.80;56.58; 66.83;79.90; 84.43;88.47; 92.39;61.69; 69.94;51.16; 63.09;49.44; 69.22;48.03; 68.58;58.85; 62.96;60.67; 61.48;48.87; 58.49;56.29; 67.34;48.64; 59.17;51.41; 59.98;62.20; 70.67;67.19; 69.13;64.43; 58.27;62.80; 61.70;56.70; 68.36;62.97; 73.58;58.27; 58.48;53.82; 60.76;63.24; 73.15;53.60; 57.61;46.15; 48.08;42.92; 45.17;37.78; 43.75;35.34; 42.46;40.11; 47.74;37.45; 48.49;37.03; 52.94;38.79; 49.94;32.79; 38.33;31.64; 36.47;37.61; 42.93;38.94; 41.18;43.70; 46.08;36.60; 40.28;32.89; 37.21;30.19; 37.42;32.05; 35.40;42.31; 43.60;35.06; 36.37;36.19; 41.11;42.79; 41.46;43.88; 40.77;42.67; 40.78;29.39; 32.56;30.71; 33.01;41.03; 43.76;42.08; 45.25;31.99; 42.38;28.78; 36.52;24.78; 27.67;33.42; 33.96;34.27; 32.84;28.38; 26.74;26.32; 26.27;32.52; 29.15;29.20; 29.89;31.83; 33.83;31.08; 27.85;30.89; 28.51;28.43; 29.90;22.55; 22.35;23.29; 20.66;24.48; 23.70;24.54; 24.16;23.59; 24.96;22.15; 23.04;13.42; 15.57;14.38; 14.82;14.15; 15.59;12.02; 15.05;12.77; 14.50;14.31; 14.90;12.25; 12.57;9.98; 11.32;10.85; 11.55;11.03; 11.79;8.11; 10.82;7.85; 10.49;6.80; 9.46;5.68; 8.93;5.00; 8.54;5.04; 8.16;5.33; 8.07;4.22; 7.59;4.03; 7.31;3.06; 7.19;2.83; 7.12;2.40; 6.97;2.13; 6.86;2.08; 6.83;1.92; 6.87;1.83; 6.82;1.79; 6.83;1.78; 6.81;1.64; 6.83;1.47; 6.80;1.46; 6.81;1.44; 6.79;1.38; 6.74;1.32; 6.78;1.27; 6.75;1.26; 6.77;1.24; 6.76;1.23; 6.76;1.23; 6.76;1.23; 6.76;1.22; 6.76;1.22; 6.75;1.22; 6.78;1.22; 6.74;1.22; 6.78;1.22; 6.75;1.21; 6.76;1.21; 6.78;1.22; 6.75;1.22; 6.78;1.21; 6.76;1.21; 6.77;
0;300.94; 297.55;735.85; 595.71;772.75; 605.85;872.65; 659.89;878.93; 604.79;817.15; 573.18;618.31; 504.42;482.76; 443.26;437.49; 460.01;616.52; 656.13;681.90; 915.19;678.63; 944.26;457.30; 528.76;505.30; 628.00;438.73; 612.10;383.80; 662.84;438.69; 645.39;334.09; 439.74;296.52; 390.02;212.12; 304.08;232.28; 326.93;224.07; 306.64;215.01; 308.36;186.38; 321.50;172.31; 236.58;187.41; 281.18;242.75; 316.45;325.77; 348.77;191.81; 251.68;105.46; 176.60;123.90; 183.38;142.29; 178.65;189.54; 237.25;208.40; 244.17;165.36; 177.01;101.52; 128.25;134.53; 135.61;137.65; 148.54;89.61; 108.53;72.92; 87.88;140.26; 169.36;169.38; 223.29;111.59; 127.49;138.37; 175.00;162.11; 197.47;184.14; 270.04;139.73; 181.22;144.47; 150.90;135.65; 150.56;109.05; 140.23;76.56; 85.90;64.71; 72.48;72.95; 82.12;119.79; 133.04;176.42; 196.21;146.80; 180.20;99.73; 126.76;74.56; 96.91;70.19; 78.25;78.36; 83.24;92.15; 101.37;97.22; 99.95;80.45; 85.69;96.94; 136.93;89.49; 116.47;73.95; 87.68;72.19; 85.11;82.34; 74.42;76.66; 73.70;52.37; 52.29;55.65; 62.27;64.41; 68.21;64.86; 64.57;64.19; 58.27;69.44; 64.84;76.19; 81.62;74.81; 86.61;70.96; 77.12;72.28; 67.08;65.51; 64.29;68.87; 67.95;68.57; 67.85;57.98; 50.97;46.29; 44.32;38.75; 39.07;38.21; 37.71;39.14; 38.22;41.57; 39.47;39.04; 37.35;35.87; 34.73;37.35; 35.32;36.30; 32.68;35.97; 33.07;34.64; 35.66;38.75; 37.70;40.02; 34.80;37.35; 34.79;35.23; 39.55;40.24; 44.31;46.32; 48.82;45.05; 43.66;43.55; 39.50;36.93; 35.52;33.93; 32.43;32.94; 33.79;32.55; 33.16;35.16; 31.58;33.55; 31.08;38.11; 33.17;38.18; 34.16;30.38; 31.79;30.81; 30.26;31.51; 27.83;32.42; 28.09;27.71; 27.85;26.39; 27.43;28.49; 30.27;29.79; 32.88;29.24; 30.85;27.24; 25.87;28.09; 26.54;25.48; 25.76;23.48; 24.28;25.75; 27.23;26.28; 27.92;23.59; 24.16;24.01; 22.71;21.15; 20.41;20.44; 21.13;21.50; 23.86;25.65; 27.71;27.95; 28.77;28.65; 28.12;30.35; 27.75;25.77; 24.08;22.00; 21.64;24.83; 23.28;25.62; 24.77;24.90; 24.86;25.06; 24.05;23.51; 22.02;22.29; 21.65;23.17; 22.82;22.29; 23.90;20.20; 21.04;20.86; 20.73;20.91; 21.48;22.56; 24.68;23.92; 26.27;26.78; 29.14;25.45; 30.76;21.07; 25.92;21.29; 22.84;21.01; 22.95;19.52; 22.12;19.54; 21.85;18.83; 21.39;19.62; 22.60;21.65; 27.10;24.77; 33.06;25.74; 34.16;27.03; 35.42;26.36; 34.16;29.28; 40.12;28.25; 36.58;27.97; 32.28;25.31; 31.48;23.76; 29.35;25.70; 28.84;29.01; 27.94;24.86; 28.22;22.88; 27.60;22.41; 26.33;22.54; 26.27;20.40; 26.59;21.18; 27.42;22.11; 25.98;19.07; 20.87;18.73; 23.18;16.14; 19.29;13.84; 17.00;12.88; 14.89;13.37; 15.76;12.31; 14.74;11.42; 13.07;11.03; 12.92;10.90; 12.73;11.17; 14.26;11.31; 14.13;10.99; 12.53;9.87; 11.36;9.86; 11.53;10.71; 11.90;10.39; 11.50;9.63; 11.67;9.87; 12.03;9.68; 12.41;9.42; 11.67;11.05; 12.98;11.32; 14.25;12.65; 16.02;12.97; 17.39;12.60; 16.70;13.75; 19.64;14.06; 22.85;14.07; 24.81;12.32; 21.43;9.97; 16.21;9.12; 15.51;7.50; 11.93;6.00; 8.56;5.51; 6.97;4.78; 5.67;4.46; 5.08;4.09; 4.72;3.58; 4.02;3.66; 3.68;3.60; 3.65;3.15; 3.36;2.72; 3.02;2.60; 2.91;2.35; 2.69;2.16; 2.57;1.89; 2.26;1.82; 1.88;1.63; 1.69;1.41; 1.40;1.28; 1.26;1.14; 1.11;1.00; 0.91;0.96; 0.88;0.88; 0.82;0.84; 0.77;0.84; 0.74;0.82; 0.71;0.80; 0.71;0.78; 0.70;0.77; 0.69;0.76; 0.69;0.76; 0.69;0.75; 0.69;0.75; 0.69;0.75; 0.69;0.74; 0.69;0.74; 0.69;0.74; 0.69;0.74; 0.69;0.74; 0.69;0.74; 0.69;0.74; 0.69;0.74; 0.69;0.74; 0.69;0.74; 0.69;0.74; 0.69;0.74; 0.69;0.74; 0.69;0.74; 0.69;
